GID_3,NAME_3,province,centroid_lat,centroid_lon,area_km2,fire_years_2021_2024,elderly_pct,dist_civil_prot_km,priority
ITA.15.1.1_1,Agrigento,Agrigento,37.322617766554046,13.567606678781207,245.95973277192573,2,0.232,78.84,False
ITA.15.1.2_1,AlessandriaDellaRocca,Agrigento,37.5469107612923,13.465202014614517,61.90822222528113,2,0.232,61.15,False
ITA.15.1.3_1,Aragona,Agrigento,37.4215603781978,13.61340328532524,74.92694726448133,2,0.232,67.12,False
ITA.15.1.4_1,Bivona,Agrigento,37.57895778482131,13.405861481845763,89.06532476905755,2,0.232,61.77,False
ITA.15.1.5_1,Burgio,Agrigento,37.62119258627341,13.298171979569448,42.02411381368421,2,0.232,65.55,False
ITA.15.1.6_1,Calamonaci,Agrigento,37.5194367403953,13.323981516463299,32.331904796056655,2,0.232,71.53,False
ITA.15.1.7_1,Caltabellotta,Agrigento,37.5836965433127,13.201117470000423,124.27670857967254,2,0.232,74.86,False
ITA.15.1.8_1,Camastra,Agrigento,37.25193066621693,13.80698411053334,16.522262265437938,2,0.232,81.89,False
ITA.15.1.9_1,Cammarata,Agrigento,37.63174843837806,13.695752321468502,192.30062612422753,2,0.232,42.72,False
ITA.15.1.10_1,CampobelloDiLicata,Agrigento,37.23793730440873,13.91924321078186,81.39579496029533,2,0.232,80.04,False
ITA.15.1.11_1,Canicattì,Agrigento,37.37295292839961,13.838349383713417,91.4867969423267,2,0.232,68.27,False
ITA.15.1.12_1,Casteltermini,Agrigento,37.53074597465498,13.627988895762506,100.39678339582643,2,0.232,55.4,False
ITA.15.1.13_1,Castrofilippo,Agrigento,37.35644194115993,13.75347564722101,19.089252549476956,0,0.232,70.93,False
ITA.15.1.14_1,CattolicaEraclea,Agrigento,37.4291299551637,13.37913610543459,61.420916421038505,2,0.232,76.21,False
ITA.15.1.15_1,Cianciana,Agrigento,37.49635416638642,13.422676827396504,38.00641851534356,2,0.232,67.9,False
ITA.15.1.16_1,Comitini,Agrigento,37.41494292120118,13.660580360444092,21.39380948045002,1,0.232,66.47,False
ITA.15.1.17_1,Favara,Agrigento,37.318855422603406,13.673237983547503,81.82149989038946,2,0.232,76.46,False
ITA.15.1.18_1,Grotte,Agrigento,37.422624771686124,13.686139165057536,23.495712229703845,1,0.232,65.01,False
ITA.15.1.19_1,JoppoloGiancaxio,Agrigento,37.382539947875614,13.567988308033936,19.363008481431557,1,0.232,72.63,False
ITA.15.1.20_1,LampedusaELinosa,Agrigento,35.5886895316247,12.64437661874596,27.89529798529268,0,0.232,236.8,False
ITA.15.1.21_1,Licata,Agrigento,37.154789433565995,13.920240742998047,183.8466797903722,2,0.232,76.17,False
ITA.15.1.22_1,LuccaSicula,Agrigento,37.56287411503491,13.326202274820867,18.625511046229743,1,0.232,67.96,False
ITA.15.1.23_1,Menfi,Agrigento,37.612861205674115,12.966084921479426,115.36214520503265,1,0.232,90.71,False
ITA.15.1.24_1,Montallegro,Agrigento,37.39226242524066,13.35349488336633,28.84122903772074,2,0.232,80.86,False
ITA.15.1.25_1,Montevago,Agrigento,37.68933482939222,12.950696491300919,33.06226596808466,1,0.232,88.37,False
ITA.15.1.26_1,Naro,Agrigento,37.290712559289155,13.822780636180509,206.50897488015102,2,0.232,77.49,False
ITA.15.1.27_1,PalmaDiMontechiaro,Agrigento,37.182551818351904,13.765677049169202,80.03665705277342,2,0.232,89.93,False
ITA.15.1.28_1,PortoEmpedocle,Agrigento,37.31060284264505,13.508915868102086,25.62987446208765,2,0.232,82.04,False
ITA.15.1.29_1,Racalmuto,Agrigento,37.40482889317507,13.751340199493397,67.85267939225692,2,0.232,65.66,False
ITA.15.1.30_1,Raffadali,Agrigento,37.403373750807525,13.530015782043277,22.47551871461318,2,0.232,71.88,False
ITA.15.1.31_1,Ravanusa,Agrigento,37.250462086100306,13.986477819423081,49.871722842523134,2,0.232,75.32,False
ITA.15.1.32_1,Realmonte,Agrigento,37.31284960693813,13.454561291534196,21.82323886565366,2,0.232,83.86,False
ITA.15.1.33_1,Ribera,Agrigento,37.467643625943836,13.28872830385983,119.5922254235239,2,0.232,77.87,False
ITA.15.1.34_1,SambucaDiSicilia,Agrigento,37.65647741921537,13.114684635906887,97.19706925587025,1,0.232,76.89,False
ITA.15.1.35_1,SanBiagioPlatani,Agrigento,37.51247004046809,13.543935083875214,42.97680323914084,2,0.232,60.55,False
ITA.15.1.36_1,SanGiovanniGemini,Agrigento,37.61853305740507,13.650182163482855,26.454540810772702,0,0.232,45.73,False
ITA.15.1.37_1,Sant'AngeloMuxaro,Agrigento,37.46819832098529,13.516984988114041,64.5643545600736,2,0.232,66.01,False
ITA.15.1.38_1,SantaElisabetta,Agrigento,37.4406912580963,13.549634772698608,15.993234823858474,2,0.232,67.39,False
ITA.15.1.39_1,SantaMargheritaDiBelice,Agrigento,37.692146117487475,13.026596526024035,67.56298117670305,0,0.232,82.1,False
ITA.15.1.40_1,SantoStefanoQuisquina,Agrigento,37.60293404440022,13.513806122570772,85.27170877955567,1,0.232,53.6,False
ITA.15.1.41_1,Sciacca,Agrigento,37.543699609819996,13.103220239928802,194.7950194656136,1,0.232,84.45,False
ITA.15.1.42_1,Siculiana,Agrigento,37.36041772475673,13.388081635098107,42.84635288296555,2,0.232,82.12,False
ITA.15.1.43_1,VillafrancaSicula,Agrigento,37.566422010327244,13.281701347861182,17.84947168961982,1,0.232,70.57,False
ITA.15.2.1_1,AcquavivaPlatani,Caltanissetta,37.56729767464342,13.697945373071034,14.901686752387796,2,0.222,49.34,False
ITA.15.2.2_1,Bompensiere,Caltanissetta,37.463969120314054,13.785890355322367,19.76911047783693,2,0.222,58.67,False
ITA.15.2.3_1,Butera,Caltanissetta,37.192973734794734,14.130161679161326,297.33924552264085,2,0.222,61.29,False
ITA.15.2.4_1,Caltanissetta,Caltanissetta,37.47117332830554,14.009025494049284,420.70084048960973,2,0.222,58.27,False
ITA.15.2.5_1,Campofranco,Caltanissetta,37.489026383289435,13.701833275165095,36.31523859723128,2,0.222,57.53,False
ITA.15.2.6_1,Delia,Caltanissetta,37.354732482402426,13.920317677147118,12.193357852913506,1,0.222,70.25,False
ITA.15.2.7_1,Gela,Caltanissetta,37.094894087700254,14.292981436984961,281.670364261245,2,0.222,43.33,False
ITA.15.2.8_1,Marianopoli,Caltanissetta,37.60173574191667,13.897226770294969,12.461620262397753,2,0.222,42.73,False
ITA.15.2.9_1,Mazzarino,Caltanissetta,37.26866932624682,14.24498261272469,294.38991423119427,2,0.222,54.9,False
ITA.15.2.10_1,Milena,Caltanissetta,37.45987557110347,13.73996002396784,24.364396051730612,2,0.222,59.85,False
ITA.15.2.11_1,Montedoro,Caltanissetta,37.45484212315717,13.825031021335304,14.413979101544648,0,0.222,59.28,False
ITA.15.2.12_1,Mussomeli,Caltanissetta,37.55724893397737,13.817722085474614,164.07054952836012,1,0.222,48.02,False
ITA.15.2.13_1,Niscemi,Caltanissetta,37.141684764674146,14.407230641663611,97.07166981028274,2,0.222,36.14,False
ITA.15.2.14_1,Resuttano,Caltanissetta,37.68170800421065,14.050811438591904,38.24481309711976,2,0.222,36.85,False
ITA.15.2.15_1,Riesi,Caltanissetta,37.295051435223684,14.090582091322725,65.48709307279776,2,0.222,68.48,False
ITA.15.2.16_1,SanCataldo,Caltanissetta,37.50062880223187,13.927656105881116,73.27443692035233,0,0.222,54.09,False
ITA.15.2.17_1,SantaCaterinaVillarmosa,Caltanissetta,37.59682106157866,14.090915276046255,75.13327530463931,2,0.222,43.36,False
ITA.15.2.18_1,Serradifalco,Caltanissetta,37.45401052988448,13.884705585595533,40.96142356965924,0,0.222,59.14,False
ITA.15.2.19_1,Sommatino,Caltanissetta,37.32358325369463,14.007331864478568,34.51283140509919,2,0.222,73.67,False
ITA.15.2.20_1,Sutera,Caltanissetta,37.52175343383306,13.74655094601432,35.45071815048812,2,0.222,53.01,False
ITA.15.2.21_1,VallelungaPratameno,Caltanissetta,37.70012602299285,13.803440544173522,37.905438861735966,1,0.222,32.56,False
ITA.15.2.22_1,Villalba,Caltanissetta,37.64615378476305,13.862508516896392,42.63308941265512,0,0.222,37.82,False
ITA.15.3.1_1,AciBonaccorsi,Catania,37.597382976990424,15.10820619357904,1.4465542325270853,0,0.209,4.42,False
ITA.15.3.2_1,AciCastello,Catania,37.556096519044225,15.139375429423183,9.0182850136034,1,0.209,4.94,False
ITA.15.3.3_1,AciCatena,Catania,37.58591594490187,15.143467096450454,8.545410178637873,0,0.209,5.85,False
ITA.15.3.4_1,AciSant'Antonio,Catania,37.625316742610416,15.118761985749954,15.056125160901436,0,0.209,7.62,False
ITA.15.3.5_1,Acireale,Catania,37.63546754531223,15.161730494330998,40.505350836706604,0,0.209,10.61,False
ITA.15.3.6_1,Adrano,Catania,37.69590122626286,14.857691689137889,84.08858440755088,1,0.209,24.83,False
ITA.15.3.7_1,Belpasso,Catania,37.53086884248973,14.938535635959237,165.12625917738512,2,0.209,13.29,False
ITA.15.3.8_1,Biancavilla,Catania,37.67118773991269,14.900802101893294,70.0407916311501,0,0.209,20.15,False
ITA.15.3.9_1,Bronte,Catania,37.80621680503894,14.840355903799443,250.32665437376673,1,0.209,34.54,False
ITA.15.3.10_1,Calatabiano,Catania,37.82238183003243,15.213480279175819,25.643643235809428,2,0.209,31.06,False
ITA.15.3.11_1,Caltagirone,Catania,37.19190043245694,14.512839943734184,381.4684750723107,2,0.209,30.1,False
ITA.15.3.12_1,CamporotondoEtneo,Catania,37.553805300037176,15.003999739636656,6.477415450594318,0,0.209,7.11,False
ITA.15.3.13_1,CastelDiIudica,Catania,37.5097802378104,14.68076662517058,102.17815867357565,2,0.209,36.03,False
ITA.15.3.14_1,CastiglioneDiSicilia,Catania,37.85718652125297,15.084947288775782,118.65503618610205,2,0.209,32.76,False
ITA.15.3.15_1,Catania,Catania,37.443200054963285,15.036160087712362,180.5269596557748,2,0.209,13.93,False
ITA.15.3.16_1,FiumefreddoDiSicilia,Catania,37.78924545311542,15.208629685231196,12.1397725050587,0,0.209,27.49,False
ITA.15.3.17_1,Giarre,Catania,37.719750225495666,15.168813882064246,27.46927456904426,1,0.209,19.01,False
ITA.15.3.18_1,Grammichele,Catania,37.22710157417905,14.613340551199544,30.89469909858233,2,0.209,26.22,False
ITA.15.3.19_1,GravinaDiCatania,Catania,37.55582339332724,15.063586502030661,4.950651405808437,0,0.209,1.94,False
ITA.15.3.20_1,LicodiaEubea,Catania,37.139643742267886,14.678164664399743,110.20565200251053,2,0.209,15.08,False
ITA.15.3.21_1,Linguaglossa,Catania,37.8132235520723,15.093100622711878,60.22045534361019,2,0.209,27.88,False
ITA.15.3.22_1,Maletto,Catania,37.80301730967507,14.913946747964012,40.18556846431755,1,0.209,30.63,False
ITA.15.3.23_1,Maniace,Catania,37.87767371699059,14.787750090683403,38.021489029126215,0,0.209,38.34,False
ITA.15.3.24_1,Mascali,Catania,37.76762919289455,15.166988628730076,36.83559016714761,1,0.209,23.94,False
ITA.15.3.25_1,Mascalucia,Catania,37.58826506782858,15.04038816763798,16.023806289939444,0,0.209,4.78,False
ITA.15.3.26_1,Mazzarrone,Catania,37.08719778035827,14.564567805318617,35.115735564957895,1,0.209,21.05,False
ITA.15.3.27_1,MilitelloInValDiCatania,Catania,37.281571906035964,14.789163497628994,61.83778577266369,2,0.209,18.43,False
ITA.15.3.28_1,Milo,Catania,37.73569179674642,15.103844346057313,16.822719847737957,1,0.209,19.33,False
ITA.15.3.29_1,Mineo,Catania,37.3057308502157,14.64307200723809,244.859472692881,2,0.209,31.35,False
ITA.15.3.30_1,MirabellaImbaccari,Catania,37.32097932463117,14.461262656966301,15.631695966270668,1,0.209,42.93,False
ITA.15.3.31_1,Misterbianco,Catania,37.50493719229053,15.01364784593349,38.858404142260326,1,0.209,8.92,False
ITA.15.3.32_1,MottaSant'Anastasia,Catania,37.49757338256629,14.96643872924639,35.57913909642746,1,0.209,12.63,False
ITA.15.3.33_1,Nicolosi,Catania,37.656279123108554,15.01495213015447,41.18483643697266,1,0.209,12.06,False
ITA.15.3.34_1,Palagonia,Catania,37.351536270873005,14.768839589099791,57.01401590776098,1,0.209,21.23,False
ITA.15.3.35_1,Paternò,Catania,37.53433785441869,14.857417938467762,144.68800155193486,0,0.209,20.21,False
ITA.15.3.36_1,Pedara,Catania,37.64017992327992,15.052812816799971,19.34745330059784,1,0.209,9.05,False
ITA.15.3.37_1,PiedimonteEtneo,Catania,37.8028529193851,15.142083378247893,26.66863643101378,1,0.209,27.2,False
ITA.15.3.38_1,Raddusa,Catania,37.49478103631666,14.534334445586694,23.90979956525596,1,0.209,46.67,False
ITA.15.3.39_1,Ragalna,Catania,37.661551680442734,14.953555108995587,38.75598092156467,0,0.209,15.9,False
ITA.15.3.40_1,Ramacca,Catania,37.43792949063515,14.700008836577629,307.0923564581271,1,0.209,30.85,False
ITA.15.3.41_1,Randazzo,Catania,37.84870597370634,14.901787045581402,203.994839376368,2,0.209,35.62,False
ITA.15.3.42_1,Riposto,Catania,37.70343055704087,15.198938576040902,12.835103768961144,0,0.209,18.65,False
ITA.15.3.43_1,SanCono,Catania,37.292201913119314,14.366743450207252,6.330709728842145,1,0.209,47.1,False
ITA.15.3.44_1,SanGiovanniLaPunta,Catania,37.577720074337776,15.093228849303848,10.952234831000474,0,0.209,1.87,False
ITA.15.3.45_1,SanGregorioDiCatania,Catania,37.55931590540742,15.109277909646266,5.384249042561339,0,0.209,2.26,False
ITA.15.3.46_1,SanMicheleDiGanzaria,Catania,37.279339847480536,14.425140360096817,26.493146441923567,2,0.209,42.13,False
ITA.15.3.47_1,SanPietroClarenza,Catania,37.5677589471385,15.023836161437057,6.370279568326303,0,0.209,5.33,False
ITA.15.3.48_1,Sant'AgataliBattiati,Catania,37.555166370951206,15.08172125410004,3.1947578275317445,0,0.209,0.85,False
ITA.15.3.49_1,Sant'Alfio,Catania,37.761738301652876,15.091490690783953,25.867517129716994,0,0.209,22.15,False
ITA.15.3.50_1,SantaMariaDiLicodia,Catania,37.62620774035329,14.898561441867502,26.273202227713806,0,0.209,17.8,False
ITA.15.3.51_1,SantaVenerina,Catania,37.6848982482981,15.142750876293636,18.461046316217452,0,0.209,14.55,False
ITA.15.3.52_1,Scordia,Catania,37.302077384478686,14.850283908875829,24.57570741299231,2,0.209,13.03,False
ITA.15.3.53_1,Trecastagni,Catania,37.64872612566494,15.073151707650455,18.687460657461607,0,0.209,9.62,False
ITA.15.3.54_1,TremestieriEtneo,Catania,37.57574097243139,15.073277781829136,6.195138784545748,0,0.209,1.74,False
ITA.15.3.55_1,Valverde,Catania,37.581103787767816,15.123361333000144,5.698318725335034,0,0.209,4.04,False
ITA.15.3.56_1,Viagrande,Catania,37.62338730527993,15.096109896073113,10.020201928302209,0,0.209,6.84,False
ITA.15.3.57_1,Vizzini,Catania,37.18181594908396,14.776183431668903,127.88587843847081,2,0.209,15.77,False
ITA.15.3.58_1,ZafferanaEtnea,Catania,37.710842251034265,15.0634646341367,76.48168609887773,0,0.209,16.58,False
ITA.15.4.1_1,Agira,Enna,37.60359798149251,14.547900837846422,163.07081371582353,1,0.242,39.66,False
ITA.15.4.2_1,Aidone,Enna,37.421937458262924,14.4984098379463,208.91245720926014,2,0.242,46.37,True
ITA.15.4.3_1,Assoro,Enna,37.57828863784832,14.452365857387374,112.6532619277403,1,0.242,39.61,False
ITA.15.4.4_1,Barrafranca,Enna,37.36127477112294,14.191751511554449,54.80549181963487,0,0.242,64.19,False
ITA.15.4.5_1,Calascibetta,Enna,37.63286180665391,14.245363572563571,88.82191721160457,0,0.242,34.01,False
ITA.15.4.6_1,Catenanuova,Enna,37.5720166217319,14.6951730033266,11.475380343959632,0,0.242,34.28,False
ITA.15.4.7_1,Centuripe,Enna,37.60383048279355,14.756969376423422,171.93263727995304,2,0.242,29.17,True
ITA.15.4.8_1,Cerami,Enna,37.81933469544607,14.491698993550216,94.37775260813468,2,0.242,16.87,False
ITA.15.4.9_1,Enna,Enna,37.5201306543214,14.28921608151851,357.00718596662233,2,0.242,45.51,True
ITA.15.4.10_1,GaglianoCastelferrato,Enna,37.7188074279982,14.53571926636209,55.79560432755133,1,0.242,27.98,False
ITA.15.4.11_1,Leonforte,Enna,37.64593393763676,14.36651763443921,84.43728972867324,1,0.242,31.17,False
ITA.15.4.12_1,Nicosia,Enna,37.76100330712956,14.368566006924913,216.78185120537069,2,0.242,18.4,False
ITA.15.4.13_1,Nissoria,Enna,37.6965253954834,14.450871126045605,61.409557028169395,1,0.242,26.88,False
ITA.15.4.14_1,PiazzaArmerina,Enna,37.38649387384193,14.34975562142358,304.35640966553814,2,0.242,55.04,True
ITA.15.4.15_1,Pietraperzia,Enna,37.40994632290937,14.130990705758004,118.52016409796502,2,0.242,60.69,True
ITA.15.4.16_1,Regalbuto,Enna,37.656787020111885,14.639457217627895,169.74977929955443,1,0.242,39.0,False
ITA.15.4.17_1,Sperlinga,Enna,37.7555454516583,14.315628422354681,59.643158209324106,1,0.242,19.28,False
ITA.15.4.18_1,Troina,Enna,37.76660130173095,14.641591132574442,167.01013463859104,1,0.242,30.78,False
ITA.15.4.19_1,ValguarneraCaropepe,Enna,37.51188718421959,14.39164687257844,9.746360827573055,0,0.242,46.17,False
ITA.15.4.20_1,Villarosa,Enna,37.59376259419271,14.178603499263591,55.011851014699964,0,0.242,40.08,False
ITA.15.5.1_1,Acquedolci,Messina,38.050616314347586,14.584463508125102,12.069123240167185,0,0.242,24.4,False
ITA.15.5.2_1,AlcaraLiFusi,Messina,37.98944190002061,14.709340982110902,62.35524090212611,1,0.242,31.84,False
ITA.15.5.3_1,Alì,Messina,38.04486369300266,15.40395908571833,16.094700293288252,0,0.242,60.55,False
ITA.15.5.4_1,AlìTerme,Messina,38.015394481662284,15.424472814714138,6.069783797445733,0,0.242,58.57,False
ITA.15.5.5_1,Antillo,Messina,37.961594803855675,15.224308097581089,44.549018407046,2,0.242,46.05,True
ITA.15.5.6_1,BarcellonaPozzoDiGotto,Messina,38.133563507822345,15.228042242739884,59.10334562333515,2,0.242,64.74,True
ITA.15.5.7_1,Basicò,Messina,38.061391938853724,15.065193318367104,12.538865860358063,1,0.242,55.49,False
ITA.15.5.8_1,Brolo,Messina,38.148119098477686,14.833538788897638,7.304147697842325,1,0.242,48.63,False
ITA.15.5.9_1,Capizzi,Messina,37.86821220580126,14.488107570674199,70.12480303814024,1,0.242,13.32,False
ITA.15.5.10_1,Capod'Orlando,Messina,38.140779859069994,14.74103252577701,14.491070816589628,0,0.242,41.38,False
ITA.15.5.11_1,CapriLeone,Messina,38.09334474898188,14.722371181955328,6.314158306761728,0,0.242,37.16,False
ITA.15.5.12_1,Caronia,Messina,37.97473599324233,14.492629444743264,225.37699791005974,2,0.242,13.21,False
ITA.15.5.13_1,CasalvecchioSiculo,Messina,37.98336187066665,15.278979659312395,33.182815452367684,2,0.242,49.83,True
ITA.15.5.14_1,CastelDiLucio,Messina,37.88368911549733,14.29615910346754,28.591446653135602,1,0.242,7.0,False
ITA.15.5.15_1,Castell'Umberto,Messina,38.074430017998104,14.814400587708052,11.300991511383447,0,0.242,43.49,False
ITA.15.5.16_1,Castelmola,Messina,37.866682971817674,15.260550863639471,16.924064524460128,2,0.242,37.21,True
ITA.15.5.17_1,Castroreale,Messina,38.0655453860895,15.225422537032978,52.311309338486886,2,0.242,57.29,True
ITA.15.5.18_1,Cesarò,Messina,37.870194756989385,14.664706686117027,216.0953370109092,1,0.242,27.86,False
ITA.15.5.19_1,Condrò,Messina,38.1690709382393,15.331155477578209,4.914319622258814,1,0.242,70.84,False
ITA.15.5.20_1,Falcone,Messina,38.10488789919169,15.066694190820929,8.957106964879436,1,0.242,60.32,False
ITA.15.5.21_1,Ficarra,Messina,38.11904974892504,14.83407622163835,18.868065717573284,1,0.242,47.12,False
ITA.15.5.22_1,Fiumedinisi,Messina,38.04601794045771,15.369042375714429,35.59467684379295,2,0.242,59.3,True
ITA.15.5.23_1,Floresta,Messina,37.97052298103106,14.912144219275994,31.389156103827382,0,0.242,47.81,False
ITA.15.5.24_1,Fondachelli-Fantina,Messina,38.003840387691476,15.180702009527689,42.01918017028835,1,0.242,49.8,False
ITA.15.5.25_1,Forzad'Agrò,Messina,37.925670502331975,15.3072162312783,11.5062092132384,2,0.242,44.89,True
ITA.15.5.26_1,FrancavillaDiSicilia,Messina,37.93927586466015,15.115695142269175,81.26522403845038,2,0.242,41.98,True
ITA.15.5.27_1,Frazzanò,Messina,38.063961452075354,14.748625257276029,6.544750925489814,1,0.242,37.73,False
ITA.15.5.28_1,FurciSiculo,Messina,37.98959288498168,15.321204206765785,18.8859359514767,1,0.242,51.86,False
ITA.15.5.29_1,Furnari,Messina,38.10622150319267,15.109851462969099,12.819832500719638,0,0.242,60.49,False
ITA.15.5.30_1,Gaggi,Messina,37.865487101492974,15.226107750823909,7.624014494156413,2,0.242,35.93,True
ITA.15.5.31_1,GalatiMamertino,Messina,38.004105303666414,14.79072066692413,39.189382866613585,2,0.242,39.16,True
ITA.15.5.32_1,Gallodoro,Messina,37.905990558717136,15.305748244004533,6.8209088517930825,2,0.242,42.88,True
ITA.15.5.33_1,Giardini-Naxos,Messina,37.8251805614644,15.263580061700756,5.245766279569705,0,0.242,33.2,False
ITA.15.5.34_1,GioiosaMarea,Messina,38.158422371504166,14.920527468428642,25.622846710820813,1,0.242,55.84,False
ITA.15.5.35_1,Graniti,Messina,37.891227742128955,15.215614925617944,9.837734207329847,2,0.242,38.33,True
ITA.15.5.36_1,GualtieriSicaminò,Messina,38.1367454908505,15.338295141632743,13.024839871698484,1,0.242,67.64,False
ITA.15.5.37_1,Itala,Messina,38.05378025143566,15.429413303622239,11.002184068863887,1,0.242,62.48,False
ITA.15.5.38_1,Leni,Messina,38.55697934028039,14.826714904582882,9.60150234546999,0,0.242,81.34,False
ITA.15.5.39_1,Letojanni,Messina,37.8919704235774,15.30966658049469,6.960564242981358,2,0.242,41.66,True
ITA.15.5.40_1,Librizzi,Messina,38.08615009398264,14.965060419403525,23.610143439979307,1,0.242,56.32,False
ITA.15.5.41_1,Limina,Messina,37.945341669980124,15.275777947926477,9.339413519156995,1,0.242,45.78,False
ITA.15.5.42_1,Lipari,Messina,38.48714752458054,14.936338867342307,38.915559102121236,1,0.242,80.44,False
ITA.15.5.43_1,Longi,Messina,37.96099964776576,14.753141057832828,42.07367569585957,1,0.242,35.11,False
ITA.15.5.44_1,Malfa,Messina,38.575513988611775,14.83116105124327,8.6799198124089,0,0.242,83.32,False
ITA.15.5.45_1,Malvagna,Messina,37.92726229924048,15.052436582760455,6.51215497951684,1,0.242,40.64,False
ITA.15.5.46_1,Mandanici,Messina,38.01289339534962,15.327260399666892,11.450523066330657,2,0.242,54.45,True
ITA.15.5.47_1,MazzarràSant'Andrea,Messina,38.0830619133869,15.13289209791638,7.162325828581487,0,0.242,58.03,False
ITA.15.5.48_1,Merì,Messina,38.16358446605109,15.254610935647708,1.4931062528255934,0,0.242,68.49,False
ITA.15.5.49_1,Messina,Messina,38.19171765999202,15.511071878111503,210.1113993824982,2,0.242,79.37,True
ITA.15.5.50_1,Milazzo,Messina,38.20588839990869,15.243674679675792,24.242167178181504,0,0.242,72.89,False
ITA.15.5.51_1,MilitelloRosmarino,Messina,38.000836754597614,14.660798550259408,29.50650491024378,0,0.242,28.05,False
ITA.15.5.52_1,Mirto,Messina,38.09104836735971,14.749750747989188,9.348831566099298,0,0.242,39.13,False
ITA.15.5.53_1,Mistretta,Messina,37.90438966364872,14.369374394326991,126.74377159648859,2,0.242,2.72,False
ITA.15.5.54_1,MoioAlcantara,Messina,37.911432297264895,15.04073736376626,8.359162194644922,1,0.242,38.97,False
ITA.15.5.55_1,MonforteSanGiorgio,Messina,38.1360913060983,15.395633718335274,32.84384977049992,0,0.242,69.4,False
ITA.15.5.56_1,MongiuffiMelia,Messina,37.90541702537526,15.258364403227095,24.10960974738932,2,0.242,41.09,True
ITA.15.5.57_1,Montagnareale,Messina,38.12037278041202,14.938217339623526,16.25301829510933,1,0.242,55.45,False
ITA.15.5.58_1,MontalbanoElicona,Messina,38.01730918476489,15.020137723861843,66.40158626361405,2,0.242,50.87,True
ITA.15.5.59_1,MottaCamastra,Messina,37.90542829729878,15.187629900705636,25.546754928924912,2,0.242,39.2,True
ITA.15.5.60_1,Mottad'Affermo,Messina,37.992887682861415,14.308103193070153,14.26162671929232,2,0.242,8.49,False
ITA.15.5.61_1,Naso,Messina,38.122278618033974,14.77503428813339,36.38453742656366,1,0.242,42.76,False
ITA.15.5.62_1,NizzaDiSicilia,Messina,38.01733451895057,15.36253127792235,13.992831315236584,2,0.242,56.18,True
ITA.15.5.63_1,NovaraDiSicilia,Messina,38.017573235666944,15.129658072679153,49.613368058819916,0,0.242,50.75,False
ITA.15.5.64_1,Oliveri,Messina,38.1126524560393,15.045113753364383,9.986049236852725,1,0.242,61.26,False
ITA.15.5.65_1,PaceDelMela,Messina,38.18800520832055,15.306468566988782,11.898675094374738,0,0.242,72.23,False
ITA.15.5.66_1,Pagliara,Messina,38.000626619884216,15.331387987160436,14.298028141942254,2,0.242,53.34,True
ITA.15.5.67_1,Patti,Messina,38.12434977512355,14.999211291722396,48.505244313116044,1,0.242,60.57,False
ITA.15.5.68_1,Pettineo,Messina,37.95074755341428,14.285332448232325,31.254617793916704,2,0.242,6.71,False
ITA.15.5.69_1,Piraino,Messina,38.15457177248965,14.872421588471555,16.14202524727176,1,0.242,51.94,False
ITA.15.5.70_1,Raccuja,Messina,38.02852194978453,14.920616711166414,25.024820320251745,2,0.242,50.85,True
ITA.15.5.71_1,Reitano,Messina,37.982652562843384,14.339732755465871,13.674057272241102,0,0.242,6.43,False
ITA.15.5.72_1,Roccafiorita,Messina,37.933029816104266,15.264188862703085,1.3686059567625122,1,0.242,44.13,False
ITA.15.5.73_1,Roccalumera,Messina,37.99046387217183,15.380110920417252,9.087671861288548,1,0.242,54.23,False
ITA.15.5.74_1,Roccavaldina,Messina,38.17918525580046,15.381008611465946,7.168109859982431,1,0.242,73.35,False
ITA.15.5.75_1,RoccellaValdemone,Messina,37.945159211326455,15.00277079057709,41.326364207784486,2,0.242,43.13,True
ITA.15.5.76_1,RodìMilici,Messina,38.08113643394778,15.17347315167549,35.283398107205244,2,0.242,58.19,True
ITA.15.5.77_1,Rometta,Messina,38.17519387869307,15.42170087991393,31.79816031012463,0,0.242,74.29,False
ITA.15.5.78_1,SanFilippoDelMela,Messina,38.18314030522454,15.277393643763206,10.479145537063625,0,0.242,71.06,False
ITA.15.5.79_1,SanFratello,Messina,37.97660937246245,14.612722423321431,67.52579022878228,0,0.242,23.27,False
ITA.15.5.80_1,SanMarcod'Alunzio,Messina,38.057722725493086,14.71130239511261,26.2092295391584,2,0.242,34.47,True
ITA.15.5.81_1,SanPierNiceto,Messina,38.1326509311241,15.364613895594866,35.91447876680996,1,0.242,68.01,False
ITA.15.5.82_1,SanPieroPatti,Messina,38.03970957808656,14.96280742249859,41.72520590999188,2,0.242,54.11,True
ITA.15.5.83_1,SanSalvatoreDiFitalia,Messina,38.06463298139703,14.78446177381967,14.997710283444052,0,0.242,40.65,False
ITA.15.5.84_1,SanTeodoro,Messina,37.83623713348282,14.695091276589329,14.05428157228812,0,0.242,31.46,False
ITA.15.5.85_1,Sant'AgatadiMilitello,Messina,38.03827616779901,14.6412582630547,33.81606971248205,0,0.242,28.01,False
ITA.15.5.86_1,Sant'AlessioSiculo,Messina,37.9298857553197,15.331998514500661,6.04577410788864,1,0.242,46.3,False
ITA.15.5.87_1,Sant'AngelodiBrolo,Messina,38.104636728627455,14.89343309202018,30.562119422493215,1,0.242,51.16,False
ITA.15.5.88_1,SantaDomenicaVittoria,Messina,37.93464660569209,14.968280825731567,20.30904658883742,2,0.242,42.6,True
ITA.15.5.89_1,SantaLuciaDelMela,Messina,38.09856483448776,15.300884466387632,86.52290353194586,2,0.242,62.57,True
ITA.15.5.90_1,SantaMarinaSalina,Messina,38.55573897204465,14.860428883060134,9.254887913458022,0,0.242,82.76,False
ITA.15.5.91_1,SantaTeresaDiRiva,Messina,37.95667062406353,15.347722197105513,7.520831437528938,1,0.242,49.58,False
ITA.15.5.92_1,SantoStefanoDiCamastra,Messina,37.99208206297059,14.369335988440186,21.40239721396888,1,0.242,7.44,False
ITA.15.5.93_1,Saponara,Messina,38.18787093601043,15.44705137637738,25.51140738634417,1,0.242,76.48,False
ITA.15.5.94_1,Savoca,Messina,37.95400477585804,15.337833612556585,8.853506016830991,1,0.242,48.91,False
ITA.15.5.95_1,ScalettaZanclea,Messina,38.0536293917706,15.455512622261592,4.846865469848573,1,0.242,63.62,False
ITA.15.5.96_1,Sinagra,Messina,38.08347162594671,14.849748641224174,23.085343632619388,1,0.242,46.73,False
ITA.15.5.97_1,Spadafora,Messina,38.20590612137252,15.393350858955747,10.430544243431976,0,0.242,76.51,False
ITA.15.5.98_1,Taormina,Messina,37.84569198944843,15.265615834382858,13.014491129255347,2,0.242,35.31,True
ITA.15.5.99_1,TermeVigliatore,Messina,38.131899988129966,15.152880280857746,13.002066008743796,0,0.242,63.59,False
ITA.15.5.100_1,Torregrotta,Messina,38.20115198011308,15.352854254499897,4.067590216152181,0,0.242,74.82,False
ITA.15.5.101_1,Torrenova,Messina,38.095450062122566,14.689666953643204,13.134480959389492,0,0.242,34.83,False
ITA.15.5.102_1,Tortorici,Messina,37.99631814358003,14.840020987041262,69.81354001000261,2,0.242,43.22,True
ITA.15.5.103_1,Tripi,Messina,38.03810488804118,15.082417854185838,54.93180245831427,2,0.242,52.87,True
ITA.15.5.104_1,Tusa,Messina,37.98506940976806,14.241654385773732,40.33248407831654,2,0.242,11.92,False
ITA.15.5.105_1,Ucria,Messina,38.02918866569875,14.884876455332003,26.960012168698384,0,0.242,47.82,False
ITA.15.5.106_1,Unknown1,Messina,38.55407931486666,14.905913805023266,54.723137322290256,1,0.242,84.79,False
ITA.15.5.107_1,Valdina,Messina,38.20399149985546,15.364201102037866,2.695068684027194,0,0.242,75.44,False
ITA.15.5.108_1,Venetico,Messina,38.20457499814047,15.375194965247642,3.9275025496446956,1,0.242,75.82,False
ITA.15.5.109_1,VillafrancaTirrena,Messina,38.22207271502546,15.458161413834718,14.332330011785334,1,0.242,80.35,False
ITA.15.6.1_1,Alia,Palermo,37.763933076153386,13.733173348898264,45.525626842605256,1,0.219,28.02,False
ITA.15.6.2_1,Alimena,Palermo,37.67687703354458,14.122431051625272,59.83806476267524,2,0.219,34.44,False
ITA.15.6.3_1,Aliminusa,Palermo,37.86192018540304,13.781419743914215,13.181420892093199,2,0.219,16.47,False
ITA.15.6.4_1,AltavillaMilicia,Palermo,38.01899493267837,13.568178984869816,24.027515182250582,2,0.219,27.94,False
ITA.15.6.5_1,Altofonte,Palermo,38.034477295699986,13.320169481254313,34.94563302303593,2,0.219,49.72,False
ITA.15.6.6_1,Bagheria,Palermo,38.07666289892374,13.497685619468067,29.940355946499647,0,0.219,35.34,False
ITA.15.6.7_1,Balestrate,Palermo,38.05060777403744,13.008001672126879,3.2466021995089664,0,0.219,77.1,False
ITA.15.6.8_1,Baucina,Palermo,37.936216095436706,13.536266427500045,24.934372630411197,0,0.219,31.01,False
ITA.15.6.9_1,BelmonteMezzagno,Palermo,38.04234326201397,13.386328970263452,29.87228361539844,2,0.219,44.08,False
ITA.15.6.10_1,Bisacquino,Palermo,37.73138162573065,13.216657331151405,65.28056353440039,1,0.219,65.09,False
ITA.15.6.11_1,Blufi,Palermo,37.73519793782403,14.120937168523772,22.23872908591773,0,0.219,29.56,False
ITA.15.6.12_1,Bolognetta,Palermo,37.97537115916297,13.481292949610586,27.287943804573832,1,0.219,35.34,False
ITA.15.6.13_1,Bompietro,Palermo,37.70406076020633,14.120917011169935,42.28810164902503,1,0.219,32.14,False
ITA.15.6.14_1,Borgetto,Palermo,38.043808380342426,13.157397727761666,25.63027189890437,2,0.219,64.01,False
ITA.15.6.15_1,Caccamo,Palermo,37.89123750355401,13.665637142148743,187.68614629014886,2,0.219,21.87,False
ITA.15.6.16_1,Caltavuturo,Palermo,37.79348734186299,13.913915881844176,96.88024320148904,1,0.219,21.55,False
ITA.15.6.17_1,CampofeliceDiFitalia,Palermo,37.81255667843743,13.5019395650534,35.084654234440805,0,0.219,38.69,False
ITA.15.6.18_1,CampofeliceDiRoccella,Palermo,37.98899404608011,13.875214454739568,13.523853483514598,0,0.219,0.87,False
ITA.15.6.19_1,Campofiorito,Palermo,37.76618240400981,13.26805678718535,22.371718242946017,2,0.219,59.35,False
ITA.15.6.20_1,Camporeale,Palermo,37.89575725649262,13.085139047763008,38.81485661552608,1,0.219,70.79,False
ITA.15.6.21_1,Capaci,Palermo,38.16850876454138,13.239503711381717,5.968490252557545,1,0.219,59.98,False
ITA.15.6.22_1,Carini,Palermo,38.1305124471581,13.164952155866173,74.68281250841557,2,0.219,65.0,False
ITA.15.6.23_1,Castelbuono,Palermo,37.93284113870259,14.096264399242243,60.35646947870448,1,0.219,19.5,False
ITA.15.6.24_1,Casteldaccia,Palermo,38.00964625008142,13.539835471250072,32.7289384967329,1,0.219,30.3,False
ITA.15.6.25_1,CastellanaSicula,Palermo,37.73171006807116,13.989253745175484,71.16751271596675,1,0.219,29.72,False
ITA.15.6.26_1,CastronuovoDiSicilia,Palermo,37.69854903920663,13.599081907387303,200.09115244533908,2,0.219,40.6,False
ITA.15.6.27_1,CefalàDiana,Palermo,37.91418534273412,13.465726933393132,9.373542709239103,0,0.219,37.56,False
ITA.15.6.28_1,Cefalù,Palermo,38.000813276790105,14.025117471062801,64.37042841662672,1,0.219,12.45,False
ITA.15.6.29_1,Cerda,Palermo,37.89513786444199,13.824062127522165,44.214893689278874,1,0.219,11.39,False
ITA.15.6.30_1,ChiusaSclafani,Palermo,37.672522574511255,13.295125044560573,57.92708350422611,1,0.219,62.38,False
ITA.15.6.31_1,Ciminna,Palermo,37.877358092978675,13.557361382893669,56.2377762041895,1,0.219,31.11,False
ITA.15.6.32_1,Cinisi,Palermo,38.156429831725184,13.117930199557497,33.038088703321854,1,0.219,69.72,False
ITA.15.6.33_1,Collesano,Palermo,37.933960214979365,13.906439600974824,108.06961872330528,2,0.219,6.09,False
ITA.15.6.34_1,ContessaEntellina,Palermo,37.738085154213955,13.131217423074524,134.98694609928194,2,0.219,71.62,False
ITA.15.6.35_1,Corleone,Palermo,37.800965274664776,13.317447203041072,228.12557767285347,1,0.219,53.82,False
ITA.15.6.36_1,Ficarazzi,Palermo,38.09168181003584,13.465860629094056,3.156406702685065,0,0.219,38.49,False
ITA.15.6.37_1,Gangi,Palermo,37.75377162703226,14.225917615768822,127.6391668564036,1,0.219,22.27,False
ITA.15.6.38_1,GeraciSiculo,Palermo,37.85339794450206,14.173363979118815,112.93134702082195,2,0.219,17.89,False
ITA.15.6.39_1,Giardinello,Palermo,38.0722647992369,13.185187391835301,12.408656380931676,2,0.219,61.98,False
ITA.15.6.40_1,Giuliana,Palermo,37.67325053447917,13.22435215171422,23.933130707641038,0,0.219,67.59,False
ITA.15.6.41_1,Godrano,Palermo,37.857397488542226,13.415024178264206,39.66463757719768,0,0.219,43.57,False
ITA.15.6.42_1,Gratteri,Palermo,37.97593901912357,13.979013884874922,38.70055698777908,1,0.219,8.37,False
ITA.15.6.43_1,Isnello,Palermo,37.916179622560165,14.00753218267624,50.948803642852916,2,0.219,13.3,False
ITA.15.6.44_1,IsolaDelleFemmine,Palermo,38.1919080441648,13.249365947947297,3.428426008594811,1,0.219,60.11,False
ITA.15.6.45_1,Lascari,Palermo,38.00103043245782,13.934789380482597,9.526912488187174,1,0.219,4.73,False
ITA.15.6.46_1,LercaraFriddi,Palermo,37.74533641785907,13.613440100387495,37.859786829496485,1,0.219,35.79,False
ITA.15.6.47_1,Marineo,Palermo,37.9479097623468,13.418985609682663,33.21302807244931,1,0.219,41.01,False
ITA.15.6.48_1,Mezzojuso,Palermo,37.86446818329366,13.476075473786858,49.326231069451715,1,0.219,38.27,False
ITA.15.6.49_1,Misilmeri,Palermo,38.01862316388835,13.43887914554268,69.3137127390685,2,0.219,39.2,False
ITA.15.6.50_1,Monreale,Palermo,37.92613198954762,13.178729657629868,526.3001439529039,2,0.219,62.22,False
ITA.15.6.51_1,Montelepre,Palermo,38.08552994954453,13.189004846064194,10.976902054413568,1,0.219,61.9,False
ITA.15.6.52_1,MontemaggioreBelsito,Palermo,37.83115804540238,13.761015524881072,32.49977534679652,1,0.219,20.32,False
ITA.15.6.53_1,PalazzoAdriano,Palermo,37.654896952555085,13.379041346478349,129.4075901424444,2,0.219,57.66,False
ITA.15.6.54_1,Palermo,Palermo,38.13108883151005,13.331274465230457,158.74424416528907,2,0.219,51.04,False
ITA.15.6.55_1,Partinico,Palermo,38.02675860068802,13.064345115771639,111.18795715493812,2,0.219,71.99,False
ITA.15.6.56_1,PetraliaSoprana,Palermo,37.7848606351013,14.127728252736922,54.893173088733136,1,0.219,25.4,False
ITA.15.6.57_1,PetraliaSottana,Palermo,37.723119181066174,14.019696971308385,179.1641023674517,2,0.219,31.54,False
ITA.15.6.58_1,PianaDegliAlbanesi,Palermo,37.96286940192498,13.311610966142217,65.49928160316956,2,0.219,50.26,False
ITA.15.6.59_1,PolizziGenerosa,Palermo,37.772761594344075,13.971758399202097,136.49591935858044,2,0.219,24.91,False
ITA.15.6.60_1,Pollina,Palermo,37.993245493254186,14.126509154956867,49.980680772524224,0,0.219,21.24,False
ITA.15.6.61_1,Prizzi,Palermo,37.737025551003995,13.452919113580435,94.06683570715838,2,0.219,46.9,False
ITA.15.6.62_1,Roccamena,Palermo,37.83144020278798,13.16721712279314,33.41508687642892,1,0.219,65.21,False
ITA.15.6.63_1,Roccapalumba,Palermo,37.803524481900425,13.647959759621259,31.52534625636969,1,0.219,29.0,False
ITA.15.6.64_1,SanCipirello,Palermo,37.941118634317,13.182977763071987,21.15512569243068,2,0.219,61.68,False
ITA.15.6.65_1,SanGiuseppeJato,Palermo,37.97292056387192,13.179295531368009,30.429574237546834,2,0.219,61.81,False
ITA.15.6.66_1,SanMauroCastelverde,Palermo,37.9242001705657,14.20996725012602,113.98973019028725,2,0.219,12.74,False
ITA.15.6.67_1,SantaCristinaGela,Palermo,37.97716639289184,13.35638903185133,38.813190760315,2,0.219,46.28,False
ITA.15.6.68_1,SantaFlavia,Palermo,38.06344990615635,13.518924628939054,13.853704839952353,0,0.219,33.15,False
ITA.15.6.69_1,Sciara,Palermo,37.919366815649845,13.759026020878816,30.785120538301243,2,0.219,13.24,False
ITA.15.6.70_1,Scillato,Palermo,37.865507946100585,13.920739851648342,31.655295675187435,2,0.219,13.76,False
ITA.15.6.71_1,SclafaniBagni,Palermo,37.783271654060506,13.819816298101822,135.40900246307484,2,0.219,23.23,False
ITA.15.6.72_1,TerminiImerese,Palermo,37.960885131680435,13.741209245355455,77.49902568702176,2,0.219,12.85,False
ITA.15.6.73_1,Terrasini,Palermo,38.118654056177476,13.08368884677975,21.467346944948872,1,0.219,71.64,False
ITA.15.6.74_1,Torretta,Palermo,38.143602049904054,13.240798645297428,25.47915487533276,1,0.219,59.0,False
ITA.15.6.75_1,Trabia,Palermo,37.98917912134696,13.612101771699741,19.76778655957767,0,0.219,23.86,False
ITA.15.6.76_1,Trappeto,Palermo,38.073963925109965,13.059344844498074,3.7593041130356397,0,0.219,72.92,False
ITA.15.6.77_1,Ustica,Palermo,38.70513749055092,13.175532650353773,8.528556004789465,0,0.219,101.08,False
ITA.15.6.78_1,Valledolmo,Palermo,37.76291634009304,13.826611329968058,25.7531459679446,1,0.219,25.3,False
ITA.15.6.79_1,VentimigliaDiSicilia,Palermo,37.96173300504882,13.543584882890695,26.9339862645139,1,0.219,29.99,False
ITA.15.6.80_1,Vicari,Palermo,37.794705648215164,13.56951487279241,85.85664489729525,2,0.219,34.86,False
ITA.15.6.81_1,Villabate,Palermo,38.07955541310886,13.443874884094077,4.032572609086158,1,0.219,39.96,False
ITA.15.6.82_1,Villafrati,Palermo,37.92855686614534,13.493600265393296,25.167548994735043,1,0.219,34.84,False
ITA.15.7.1_1,Acate,Ragusa,37.012483264241986,14.442028483761383,103.37917783293423,1,0.21,27.37,False
ITA.15.7.2_1,ChiaramonteGulfi,Ragusa,37.04559357628364,14.655241366859343,128.07693061855372,2,0.21,12.37,False
ITA.15.7.3_1,Comiso,Ragusa,36.96474215579274,14.594979461710947,65.09325837134409,1,0.21,12.87,False
ITA.15.7.4_1,Giarratana,Ragusa,37.06417744351926,14.804509827717096,43.35224266499846,1,0.21,2.76,False
ITA.15.7.5_1,Ispica,Ragusa,36.759869891585765,14.933787373241692,114.70811097556631,0,0.21,25.03,False
ITA.15.7.6_1,Modica,Ragusa,36.85487759619458,14.823771503073207,290.1649833954373,0,0.21,10.85,False
ITA.15.7.7_1,MonterossoAlmo,Ragusa,37.07839574248251,14.741753746260292,56.05658452854212,2,0.21,6.28,False
ITA.15.7.8_1,Pozzallo,Ragusa,36.73907682792228,14.85852019839183,16.615172004106785,0,0.21,22.28,False
ITA.15.7.9_1,Ragusa,Ragusa,36.90738079815391,14.66419175541611,445.1158205174923,2,0.21,4.93,False
ITA.15.7.10_1,SantaCroceCamerina,Ragusa,36.82147079207941,14.521412862567194,42.00432751814092,2,0.21,19.96,False
ITA.15.7.11_1,Scicli,Ragusa,36.77707404680916,14.698958275091623,141.21598251055624,0,0.21,14.42,False
ITA.15.7.12_1,Vittoria,Ragusa,36.95770042978501,14.49625368607682,182.59545111265246,2,0.21,20.67,False
ITA.15.8.1_1,Augusta,Syracuse,37.26219487970313,15.15054808092621,110.30558403689581,2,0.225,12.68,False
ITA.15.8.2_1,Avola,Syracuse,36.92812156592302,15.119421819328538,76.2029611972537,2,0.225,11.77,False
ITA.15.8.3_1,Buccheri,Syracuse,37.15693617940323,14.871353439473049,56.242198552136955,2,0.225,14.61,False
ITA.15.8.4_1,Buscemi,Syracuse,37.08959203741978,14.870306304678346,52.706420683232565,2,0.225,8.65,False
ITA.15.8.5_1,CanicattiniBagni,Syracuse,37.036488560190556,15.082792213161397,16.078731520928205,1,0.225,1.21,False
ITA.15.8.6_1,Carlentini,Syracuse,37.2530718782996,14.997902614816866,157.72040260704063,2,0.225,1.75,False
ITA.15.8.7_1,Cassaro,Syracuse,37.1024917227216,14.956629945730903,19.923677394515394,1,0.225,13.37,False
ITA.15.8.8_1,Ferla,Syracuse,37.134881736262635,14.93298185705518,24.358536795889034,2,0.225,16.09,False
ITA.15.8.9_1,Floridia,Syracuse,37.08202914082496,15.115548517747785,26.580038221431092,0,0.225,7.04,False
ITA.15.8.10_1,Francofonte,Syracuse,37.2276931682986,14.867286539816444,73.68779206681772,1,0.225,13.15,False
ITA.15.8.11_1,Lentini,Syracuse,37.332523324426944,14.917580349587107,215.7312954877306,2,0.225,8.33,False
ITA.15.8.12_1,Melilli,Syracuse,37.21186442874246,15.100195894223178,135.20251542829956,2,0.225,10.24,False
ITA.15.8.13_1,Noto,Syracuse,36.91359590269596,15.02027444686161,549.6967235188645,2,0.225,13.58,False
ITA.15.8.14_1,Pachino,Syracuse,36.705701090738486,15.07619410608193,52.409879129948315,0,0.225,35.81,False
ITA.15.8.15_1,PalazzoloAcreide,Syracuse,37.068056576164174,14.961475159618148,86.03641324274302,1,0.225,11.0,False
ITA.15.8.16_1,PortopaloDiCapoPassero,Syracuse,36.673166239022805,15.102353504154486,15.416931680713057,0,0.225,39.51,False
ITA.15.8.17_1,PrioloGargallo,Syracuse,37.13999215943199,15.172062151113254,57.296752771613846,2,0.225,12.33,False
ITA.15.8.18_1,Rosolini,Syracuse,36.86525396431176,14.9109820889796,77.263158034094,1,0.225,17.61,False
ITA.15.8.19_1,Siracusa,Syracuse,37.03991943513308,15.214843823141504,207.11991426766747,2,0.225,5.46,False
ITA.15.8.20_1,Solarino,Syracuse,37.10398940967701,15.11046608949317,12.902446960082656,0,0.225,9.05,False
ITA.15.8.21_1,Sortino,Syracuse,37.141123876497126,15.038050290806721,92.82784310428315,2,0.225,13.02,False
ITA.15.9.1_1,Alcamo,Trapani,37.9639212529041,12.975416604654177,131.22308188344863,2,0.238,79.7,True
ITA.15.9.2_1,BusetoPalizzolo,Trapani,37.990941947275736,12.737229616722392,72.63838365819994,2,0.238,100.53,True
ITA.15.9.3_1,Calatafimi-Segesta,Trapani,37.9017022931708,12.87851282928971,154.22818465939437,2,0.238,88.69,True
ITA.15.9.4_1,CampobelloDiMazara,Trapani,37.605721862962454,12.716676937205001,67.11042791996287,2,0.238,110.96,True
ITA.15.9.5_1,CastellammareDelGolfo,Trapani,38.01192708672008,12.82742650617589,126.5734192055441,2,0.238,92.65,True
ITA.15.9.6_1,Castelvetrano,Trapani,37.655832328413815,12.816884293572231,211.66907645479668,2,0.238,100.68,True
ITA.15.9.7_1,Custonaci,Trapani,38.07278433729061,12.717120181920633,70.95198772962205,2,0.238,102.69,True
ITA.15.9.8_1,Erice,Trapani,38.01264913985597,12.616176715170585,48.49069502315756,1,0.238,111.16,False
ITA.15.9.9_1,Favignana,Trapani,37.952630486923645,12.239433277494488,40.364846041154784,0,0.238,144.23,False
ITA.15.9.10_1,Gibellina,Trapani,37.810243668304715,12.95294301118146,46.28021939748929,1,0.238,84.02,False
ITA.15.9.11_1,Marsala,Trapani,37.81485798262192,12.541274333693812,242.51156270801667,2,0.238,119.36,True
ITA.15.9.12_1,MazaraDelVallo,Trapani,37.702229907738484,12.646337695236346,276.8573291351729,2,0.238,113.19,True
ITA.15.9.13_1,Paceco,Trapani,37.95729886331259,12.58986197064378,56.58629610111987,1,0.238,113.51,False
ITA.15.9.14_1,Pantelleria,Trapani,36.78760416900274,11.994304185297331,85.67361056651134,0,0.238,213.62,False
ITA.15.9.15_1,Partanna,Trapani,37.72254980137721,12.894193205878553,81.82914725125792,0,0.238,91.73,False
ITA.15.9.16_1,Petrosino,Trapani,37.710129144194944,12.524823029529609,46.3619437020253,1,0.238,123.24,False
ITA.15.9.17_1,Poggioreale,Trapani,37.78889980980952,13.052596311119851,38.060395910695014,2,0.238,76.2,True
ITA.15.9.18_1,Salaparuta,Trapani,37.7653275205338,12.982570356745695,41.47596627417429,0,0.238,82.86,False
ITA.15.9.19_1,Salemi,Trapani,37.82353412153817,12.76698851711637,182.90506829030494,2,0.238,99.68,True
ITA.15.9.20_1,SanVitoLoCapo,Trapani,38.12566159649574,12.759029193574264,59.04535299554884,2,0.238,99.74,True
ITA.15.9.21_1,SantaNinfa,Trapani,37.77743608813714,12.859595355233093,61.40404313648318,2,0.238,92.87,True
ITA.15.9.22_1,Trapani,Trapani,37.92164204126987,12.628921082306995,269.0265467934985,1,0.238,110.3,False
ITA.15.9.23_1,Valderice,Trapani,38.03378571879185,12.63920828202425,51.10859646644919,1,0.238,109.21,False
ITA.15.9.24_1,Vita,Trapani,37.86406889647517,12.838756520479471,9.342268482436301,0,0.238,92.7,False
