GID_3,NAME_3,island,centroid_lat,centroid_lon,area_km2,fire_severity_mean,fire_frac_mean,fire_years_affected,dist_facility_km,population,pop_density_km2,elderly_pct,n_fire,n_access,n_density,score_raw,risk_class
ITA.15.1.1_1,Agrigento,sicily,37.322617766554046,13.567606678781207,245.95973277192573,2.446279800750207,1.0,2,2.9940155873420564,55286,224.7766306172798,0.235,0.7263166272689967,0.9858115493444362,0.029508582347482097,0.6648034949073257,high
ITA.15.1.2_1,AlessandriaDellaRocca,sicily,37.5469107612923,13.465202014614517,61.90822222528113,2.3999975825308653,1.0,2,4.99175712036041,2500,40.382358112346,0.235,0.7181435219524298,0.9760400244924781,0.005045088011505071,0.6528927859262593,high
ITA.15.1.3_1,Aragona,sicily,37.4215603781978,13.61340328532524,74.92694726448133,1.8251810710184622,1.0,2,14.590487536202058,8725,116.44675672161054,0.235,0.6166350794653511,0.9290898904258698,0.015136513082733642,0.5900718094769831,medium
ITA.15.1.4_1,Bivona,sicily,37.57895778482131,13.405861481845763,89.06532476905755,1.9624034873994853,1.0,2,7.987915633500146,3115,34.97432932599816,0.235,0.6408675666715759,0.9613849568134691,0.0043276075833638935,0.6097147918965015,medium
ITA.15.1.5_1,Burgio,sicily,37.62119258627341,13.298171979569448,42.02411381368421,2.618994946358428,1.0,2,17.093363654358928,2474,58.8709618236946,0.235,0.7568168739972803,0.9168476079355062,0.007497961661149468,0.6549623117115219,high
ITA.15.1.6_1,Calamonaci,sicily,37.5194367403953,13.323981516463299,32.331904796056655,1.8364313452333225,1.0,2,9.62212832257574,1139,35.228360567822705,0.235,0.6186217966006997,0.9533915554445941,0.00436130977899673,0.5962006268895275,medium
ITA.15.1.7_1,Caltabellotta,sicily,37.5836965433127,13.201117470000423,124.27670857967254,2.8640439857087725,1.0,2,21.96869712873882,3136,25.234012357106657,0.235,0.8000907636981185,0.8930009583969601,0.0030353646857829903,0.6685527423053038,high
ITA.15.1.8_1,Camastra,sicily,37.25193066621693,13.80698411053334,16.522262265437938,2.6735572967169325,1.0,2,11.121547711442348,1978,119.71726197190777,0.235,0.766452190819954,0.9460574666349766,0.015570409350657519,0.6701574172706014,high
ITA.15.1.9_1,Cammarata,sicily,37.63174843837806,13.695752321468502,192.30062612422753,2.4388545504823798,1.0,2,7.082431629125685,5831,30.322314167781926,0.235,0.7250053817242562,0.9658139378931323,0.0037104270986996683,0.6529889576498078,high
ITA.15.1.10_1,CampobelloDiLicata,sicily,37.23793730440873,13.91924321078186,81.39579496029533,2.094510198589898,1.0,2,12.969574515000685,2500,30.71411737202756,0.235,0.6641966573056395,0.9370182393177312,0.0037624074305053876,0.6139562819342401,medium
ITA.15.1.11_1,Canicattì,sicily,37.37295292839961,13.838349383713417,91.4867969423267,2.737282993453654,1.0,2,3.662960114867881,34404,376.05426301773673,0.235,0.7777056884015191,0.9825395504560595,0.04957850888649415,0.6935304111148762,high
ITA.15.1.12_1,Casteltermini,sicily,37.53074597465498,13.627988895762506,100.39678339582643,2.600640949719449,1.0,2,12.016620070860743,7176,71.47639353850366,0.235,0.7535756908111294,0.9416794118867514,0.009170317874651304,0.6611257325465204,high
ITA.15.1.13_1,Castrofilippo,sicily,37.35644194115993,13.75347564722101,19.089252549476956,0.0,0.0,0,9.279870958301906,2594,135.88798164185195,0.235,0.0,0.9550656340405946,0.01771577050358469,0.2900628443128953,low
ITA.15.1.14_1,CattolicaEraclea,sicily,37.4291299551637,13.37913610543459,61.420916421038505,2.3902955955926535,1.0,2,10.17784400938398,2500,40.70274664843124,0.235,0.7164302211626932,0.9506733911803384,0.005087593795613,0.6444346466945707,high
ITA.15.1.15_1,Cianciana,sicily,37.49635416638642,13.422676827396504,38.00641851534356,2.2388633047155757,1.0,2,1.7736758525527423,3028,79.67075347490496,0.235,0.6896883727966154,0.9917805797966935,0.010257459439125581,0.6444298522251409,high
ITA.15.1.16_1,Comitini,sicily,37.41494292120118,13.660580360444092,21.39380948045002,0.6065891472868217,0.5,1,15.64064407522309,854,39.918089425840584,0.235,0.25427990564381825,0.9239532746275355,0.004983493721029521,0.4053226339543757,low
ITA.15.1.17_1,Favara,sicily,37.318855422603406,13.673237983547503,81.82149989038946,2.5694274708578044,1.0,2,9.766460077169244,31393,383.67666251602583,0.235,0.7480636159830901,0.9526855875785677,0.0505897687505876,0.6699554380152328,high
ITA.15.1.18_1,Grotte,sicily,37.422624771686124,13.686139165057536,23.495712229703845,0.841991341991342,0.5,1,17.482587773124745,5114,217.6567345566464,0.235,0.2958502322853143,0.9149438015187896,0.028563989358850142,0.4281210544700641,low
ITA.15.1.19_1,JoppoloGiancaxio,sicily,37.382539947875614,13.567988308033936,19.363008481431557,1.2015625,0.5,1,9.65668042387882,2500,129.1121677913539,0.235,0.35934790063986466,0.9532225512411021,0.01681682672674445,0.4690040810376118,medium
ITA.15.1.20_1,LampedusaELinosa,sicily,35.5886895316247,12.64437661874596,27.89529798529268,0.0,0.0,0,204.53847315067685,2500,89.6208386559657,0.235,0.0,0.0,0.011577532178710565,0.002315506435742113,low
ITA.15.1.21_1,Licata,sicily,37.154789433565995,13.920240742998047,183.8466797903722,2.3336891430943116,1.0,2,6.338721516406202,34067,185.30114353353713,0.235,0.7064339306721727,0.9694516366289199,0.02427138955638153,0.6489067342360386,high
ITA.15.1.22_1,LuccaSicula,sicily,37.56287411503491,13.326202274820867,18.625511046229743,1.1363636363636365,0.5,1,11.044506412433085,2500,134.22450497035146,0.235,0.3478342524284703,0.9464342976491262,0.017495077899750192,0.46134643108892304,low
ITA.15.1.23_1,Menfi,sicily,37.612861205674115,12.966084921479426,115.36214520503265,1.250434574117365,0.5,1,17.042785721081867,11788,102.18256585857725,0.235,0.3679783557945262,0.9170949990638424,0.013244090136810669,0.4617664956437779,low
ITA.15.1.24_1,Montallegro,sicily,37.39226242524066,13.35349488336633,28.84122903772074,2.6294184622254315,1.0,2,14.860325459396101,2344,81.27254205895107,0.235,0.758657591582297,0.9277700360158212,0.010469967915776864,0.6597538001790502,high
ITA.15.1.25_1,Montevago,sicily,37.68933482939222,12.950696491300919,33.06226596808466,1.392997382198953,0.5,1,14.978539157043128,2661,80.48450165420272,0.235,0.393153917587055,0.9271918190316378,0.010365418996137472,0.47680758830224634,medium
ITA.15.1.26_1,Naro,sicily,37.290712559289155,13.822780636180509,206.50897488015102,2.5461508231903722,1.0,2,6.624443487258971,7009,33.94041350535842,0.235,0.7439531281948657,0.9680540888016391,0.0041904384973695296,0.6632308784373985,high
ITA.15.1.27_1,PalmaDiMontechiaro,sicily,37.182551818351904,13.765677049169202,80.03665705277342,2.4833470985698827,1.0,2,18.24188484818175,2500,31.235687396983433,0.235,0.7328624442271423,0.9112298624949917,0.003831603860405248,0.6405665016341496,high
ITA.15.1.28_1,PortoEmpedocle,sicily,37.31060284264505,13.508915868102086,25.62987446208765,2.4149199593309203,1.0,2,5.373822822936702,2500,97.54242080654988,0.235,0.7207787058708482,0.9741712319354326,0.012628484453096462,0.6551664194066733,high
ITA.15.1.29_1,Racalmuto,sicily,37.40482889317507,13.751340199493397,67.85267939225692,2.0146581079255594,1.0,2,11.569183460414637,7531,110.99045855600227,0.235,0.6500953550807832,0.9438679522391383,0.014412628780599537,0.6110905889682531,medium
ITA.15.1.30_1,Raffadali,sicily,37.403373750807525,13.530015782043277,22.47551871461318,2.1876640419947506,1.0,2,12.404429254988807,11853,527.3738128363369,0.235,0.6806469529501267,0.9397825263197784,0.06965399658804883,0.6361890336886066,high
ITA.15.1.31_1,Ravanusa,sicily,37.250462086100306,13.986477819423081,49.871722842523134,2.222446733633211,1.0,2,15.428797770516196,10234,205.20646604319788,0.235,0.686789324964526,0.9249894754558335,0.02691221856834475,0.6262739488326821,medium
ITA.15.1.32_1,Realmonte,sicily,37.31284960693813,13.454561291534196,21.82323886565366,1.993638448441608,1.0,2,10.099889856788105,4363,199.9244945655924,0.235,0.646383435097464,0.9510546872223009,0.02621146209923188,0.6137504161352686,medium
ITA.15.1.33_1,Ribera,sicily,37.467643625943836,13.28872830385983,119.5922254235239,2.4662188476521356,1.0,2,13.5393853739442,17739,148.32904009586832,0.235,0.7298377188785022,0.9342311315377424,0.01936631940019017,0.6490614627806119,high
ITA.15.1.34_1,SambucaDiSicilia,sicily,37.65647741921537,13.114684635906887,97.19706925587025,1.2171161770214587,0.5,1,23.989615018404415,2500,25.72094013883049,0.235,0.3620945676158033,0.883116071360148,0.003099965146894992,0.44660209824532504,low
ITA.15.1.35_1,SanBiagioPlatani,sicily,37.51247004046809,13.543935083875214,42.97680323914084,2.190018396587336,1.0,2,9.8350107503275,2500,58.170915740032086,0.235,0.6810627149593405,0.9523502866423288,0.007405086903327787,0.6277174608530344,medium
ITA.15.1.36_1,SanGiovanniGemini,sicily,37.61853305740507,13.650182163482855,26.454540810772702,0.0,0.0,0,9.433815187787296,2500,94.5017348016852,0.235,0.0,0.9543126488123408,0.012225078187560197,0.2887388102812143,low
ITA.15.1.37_1,Sant'AngeloMuxaro,sicily,37.46819832098529,13.516984988114041,64.5643545600736,2.2412409403253486,1.0,2,8.804097294057659,2500,38.721056177737935,0.235,0.6901082460652431,0.9573927790226814,0.00482468392890785,0.6332368935252075,medium
ITA.15.1.38_1,SantaElisabetta,sicily,37.4406912580963,13.549634772698608,15.993234823858474,2.1944466922321464,1.0,2,12.915019774273778,2500,156.31609411940457,0.235,0.6818447199727217,0.9372850821479946,0.020425957794656537,0.6261930761896904,medium
ITA.15.1.39_1,SantaMargheritaDiBelice,sicily,37.692146117487475,13.026596526024035,67.56298117670305,0.0,0.0,0,21.617740186967293,2500,37.00251167812657,0.235,0.0,0.8947175891131,0.004596685504329655,0.2693346138347959,low
ITA.15.1.40_1,SantoStefanoQuisquina,sicily,37.60293404440022,13.513806122570772,85.27170877955567,1.4702551447582954,0.5,1,12.551470614643529,2500,29.31804740143061,0.235,0.40679708021438005,0.939063305000912,0.003577191537655938,0.4858329699149948,medium
ITA.15.1.41_1,Sciacca,sicily,37.543699609819996,13.103220239928802,194.7950194656136,0.6323529411764706,0.5,1,29.271187349414216,38622,198.26995631588923,0.235,0.2588296054835382,0.8572823914586737,0.025991955351270458,0.39179791124962526,low
ITA.15.1.42_1,Siculiana,sicily,37.36041772475673,13.388081635098107,42.84635288296555,2.480144126241613,1.0,2,17.119304470730224,4155,96.97441486675301,0.235,0.7322968224576555,0.9167207239879771,0.012553127393995559,0.6436752539040199,high
ITA.15.1.43_1,VillafrancaSicula,sicily,37.566422010327244,13.281701347861182,17.84947168961982,1.064043209876543,0.5,1,14.685613617134909,2500,140.06016780058818,0.235,0.3350629876758438,0.928624601574163,0.01826929231896621,0.44977273277396407,low
ITA.15.2.1_1,AcquavivaPlatani,sicily,37.56729767464342,13.697945373071034,14.901686752387796,2.1316184393908197,1.0,2,4.68936853979331,2500,167.7662429455785,0.235,0.6707497044984317,0.9775190934716844,0.02194504321498978,0.6330195889337191,medium
ITA.15.2.2_1,Bompensiere,sicily,37.463969120314054,13.785890355322367,19.76911047783693,2.1709011239960643,1.0,2,13.655557355958738,480,24.28030338229563,0.235,0.6776867427552103,0.9336629011683006,0.0029088366012252898,0.6195240090483405,medium
ITA.15.2.3_1,Butera,sicily,37.192973734794734,14.130161679161326,297.33924552264085,2.0216431542709357,1.0,2,15.959413018312704,4113,13.832684591536088,0.235,0.6513288637935959,0.9223940846132366,0.0015227563307258108,0.602687208546914,medium
ITA.15.2.4_1,Caltanissetta,sicily,37.47117332830554,14.009025494049284,420.70084048960973,2.66881068728458,1.0,2,3.831694870934166,58283,138.53787392525888,0.235,0.7656139738917296,0.9817142205347259,0.018067330364883203,0.6809347191792592,high
ITA.15.2.5_1,Campofranco,sicily,37.489026383289435,13.701833275165095,36.31523859723128,2.17729888439286,1.0,2,11.185646159835034,2588,71.264849136839,0.235,0.67881654101305,0.9457439428026444,0.00914225238649037,0.6249599038246163,medium
ITA.15.2.6_1,Delia,sicily,37.354732482402426,13.920317677147118,12.193357852913506,0.9105824446267432,0.5,1,5.71333061365484,3862,316.72981688774155,0.235,0.3079629253926707,0.9725106022896028,0.041707964795449894,0.4540762363423062,low
ITA.15.2.7_1,Gela,sicily,37.094894087700254,14.292981436984961,281.670364261245,1.9266578254546842,1.0,2,4.778836268489797,70735,251.1268808329241,0.235,0.6345551410592019,0.9770814812380914,0.03300445663980722,0.6170029062289898,medium
ITA.15.2.8_1,Marianopoli,sicily,37.60173574191667,13.897226770294969,12.461620262397753,2.4165081364911556,1.0,2,13.368114085783388,1560,125.18436344166362,0.235,0.7210591664816697,0.9350688683625666,0.016295726921657483,0.6443093891339363,high
ITA.15.2.9_1,Mazzarino,sicily,37.26866932624682,14.24498261272469,294.38991423119427,2.5950959238290974,1.0,2,20.07401753699871,10825,36.77096081321171,0.235,0.7525964793055324,0.9022683778359574,0.00456596576886616,0.6478919461573266,high
ITA.15.2.10_1,Milena,sicily,37.45987557110347,13.73996002396784,24.364396051730612,2.2405343505726574,1.0,2,13.697113601209907,2653,108.88839577090836,0.235,0.6899834674205165,0.9334596376947659,0.014133749180173568,0.6278563748547227,medium
ITA.15.2.11_1,Montedoro,sicily,37.45484212315717,13.825031021335304,14.413979101544648,0.0,0.0,0,12.689728693225462,1352,93.79783267863316,0.235,0.0,0.9383870452202955,0.012131691850954187,0.2839424519362795,low
ITA.15.2.12_1,Mussomeli,sicily,37.55724893397737,13.817722085474614,164.07054952836012,1.291977363515313,0.5,1,6.825550298335108,9915,60.43132072454088,0.235,0.3753145122268792,0.967070417906356,0.007704973682804983,0.47931937622190735,medium
ITA.15.2.13_1,Niscemi,sicily,37.141684764674146,14.407230641663611,97.07166981028274,2.7854239700331567,1.0,2,1.0030793234530608,24778,255.25470045406885,0.235,0.7862070370136784,0.9955497876799343,0.03355209236921475,0.6984788732846624,high
ITA.15.2.14_1,Resuttano,sicily,37.68170800421065,14.050811438591904,38.24481309711976,2.765415309704149,1.0,2,12.964951047111095,1715,44.84268221274581,0.235,0.7826736521759556,0.9370408540207039,0.005636836941037755,0.6735764496823965,high
ITA.15.2.15_1,Riesi,sicily,37.295051435223684,14.090582091322725,65.48709307279776,2.4058791351778708,1.0,2,21.331797254067265,10374,158.4128950183801,0.235,0.7191821616516139,0.8961162177289114,0.020704139303327783,0.6325667740051459,medium
ITA.15.2.16_1,SanCataldo,sicily,37.50062880223187,13.927656105881116,73.27443692035233,0.0,0.0,0,10.239112214780393,2500,34.11831062881376,0.235,0.0,0.9503737108754686,0.004214040018246052,0.2859549212662898,low
ITA.15.2.17_1,SantaCaterinaVillarmosa,sicily,37.59682106157866,14.090915276046255,75.13327530463931,2.3825812549903715,1.0,2,12.350097092298675,2500,33.27420493600697,0.235,0.7150679243537651,0.9400482804572444,0.004102052945359108,0.6403688569031277,high
ITA.15.2.18_1,Serradifalco,sicily,37.45401052988448,13.884705585595533,40.96142356965924,0.0,0.0,0,12.51268249672902,5449,133.0276031723702,0.235,0.0,0.9392530287724299,0.017336285547049256,0.28524316574113884,low
ITA.15.2.19_1,Sommatino,sicily,37.32358325369463,14.007331864478568,34.51283140509919,2.287761046741435,1.0,2,13.458210757204764,6337,183.61286924328448,0.235,0.6983233607184488,0.9346281797903355,0.024047407065081176,0.6343596157093412,high
ITA.15.2.20_1,Sutera,sicily,37.52175343383306,13.74655094601432,35.45071815048812,2.3242262598945636,1.0,2,6.801386029109627,1162,32.777897335318166,0.235,0.7047628538749594,0.9671886122540048,0.004036208068436329,0.6433452522273684,high
ITA.15.2.21_1,VallelungaPratameno,sicily,37.70012602299285,13.803440544173522,37.905438861735966,1.4441747572815533,0.5,1,13.93678367339869,2500,65.95359597653018,0.235,0.4021914722347865,0.9322873428668534,0.008437611131428185,0.4824694612037349,medium
ITA.15.2.22_1,Villalba,sicily,37.64615378476305,13.862508516896392,42.63308941265512,0.0,0.0,0,12.340637602587284,1386,32.50995926156322,0.235,0.0,0.9400945495252264,0.00400066086048538,0.282828497029665,low
ITA.15.3.1_1,AciBonaccorsi,sicily,37.597382976990424,15.10820619357904,1.4465542325270853,0.0,0.0,0,4.420942010017115,2500,1728.2449173250682,0.235,0.0,0.9788320443531081,0.2289729551642297,0.33944420433877837,low
ITA.15.3.2_1,AciCastello,sicily,37.556096519044225,15.139375429423183,9.0182850136034,1.2605839416058393,0.5,1,4.940670893164823,2500,277.2145697578796,0.235,0.369770660756806,0.9762899018316552,0.03646549705925573,0.48506540033975065,medium
ITA.15.3.3_1,AciCatena,sicily,37.58591594490187,15.143467096450454,8.545410178637873,0.0,0.0,0,3.8367795834142195,2500,292.5547103929067,0.235,0.0,0.9816893497526239,0.03850066571411748,0.30220693806861065,low
ITA.15.3.4_1,AciSant'Antonio,sicily,37.625316742610416,15.118761985749954,15.056125160901436,0.0,0.0,0,2.9402296309539784,2500,166.04537842791956,0.235,0.0,0.9860746318307568,0.021716736994797353,0.3001657369481865,low
ITA.15.3.5_1,Acireale,sicily,37.63546754531223,15.161730494330998,40.505350836706604,0.0,0.0,0,1.9604877226086577,50608,1249.415174899268,0.235,0.0,0.9908668295438597,0.16544685680660595,0.3303494202244791,low
ITA.15.3.6_1,Adrano,sicily,37.69590122626286,14.857691689137889,84.08858440755088,1.8272569444444444,0.5,1,4.1495453098925985,33703,400.8035125987158,0.235,0.46984101845456233,0.9801595231866683,0.05286197923901155,0.539540762031084,medium
ITA.15.3.7_1,Belpasso,sicily,37.53086884248973,14.938535635959237,165.12625917738512,2.865924639785345,1.0,2,4.680924454131985,28120,170.29393229209165,0.235,0.8004228736190174,0.977560395908225,0.022280390474812502,0.6979356336769387,high
ITA.15.3.8_1,Biancavilla,sicily,37.67118773991269,14.900802101893294,70.0407916311501,0.0,0.0,0,5.900654556380008,22908,327.06654888537616,0.235,0.0,0.9715943473429781,0.04307933377151113,0.30009417095719565,low
ITA.15.3.9_1,Bronte,sicily,37.80621680503894,14.840355903799443,250.32665437376673,1.5196633439909724,0.5,1,3.1675123401898975,18226,72.80886666102471,0.235,0.4155222111905317,0.9849629271357236,0.00934709640601682,0.5051194030171863,medium
ITA.15.3.10_1,Calatabiano,sicily,37.82238183003243,15.213480279175819,25.643643235809428,2.401031202566271,1.0,2,6.585504833239517,5118,199.58162547095088,0.235,0.7183260517820643,0.968244548888274,0.02616597383085565,0.6548695853236856,high
ITA.15.3.11_1,Caltagirone,sicily,37.19190043245694,14.512839943734184,381.4684750723107,2.220964238833183,1.0,2,4.520429236451468,35614,93.36027044764067,0.235,0.6865275270948892,0.9783454238922085,0.01207364069234656,0.6391821188535765,high
ITA.15.3.12_1,CamporotondoEtneo,sicily,37.553805300037176,15.003999739636656,6.477415450594318,0.0,0.0,0,3.993447960308183,2500,385.95640793283053,0.235,0.0,0.9809230399407524,0.05089222141537945,0.3044553562653016,low
ITA.15.3.13_1,CastelDiIudica,sicily,37.5097802378104,14.68076662517058,102.17815867357565,2.2970183015666987,1.0,2,19.73113835364441,2500,24.467068426890005,0.235,0.6999581250305352,0.9039454979268149,0.0029336146246884136,0.6217494348182497,medium
ITA.15.3.14_1,CastiglioneDiSicilia,sicily,37.85718652125297,15.084947288775782,118.65503618610205,2.8855997529095445,1.0,2,5.354449482939164,2500,21.06948074314289,0.235,0.8038973564304798,0.9742659924788376,0.0024828583949627375,0.6947250476378837,high
ITA.15.3.15_1,Catania,sicily,37.443200054963285,15.036160087712362,180.5269596557748,2.931078584077026,1.0,2,1.310252914660785,298037,1650.927931031969,0.235,0.8119285893987142,0.9940473138459861,0.21871534992215017,0.7479215588375828,high
ITA.15.3.16_1,FiumefreddoDiSicilia,sicily,37.78924545311542,15.208629685231196,12.1397725050587,0.0,0.0,0,7.175389389765238,2500,205.93466631753094,0.235,0.0,0.9653592549157507,0.027008828528321288,0.29500954218038944,low
ITA.15.3.17_1,Giarre,sicily,37.719750225495666,15.168813882064246,27.46927456904426,1.3870694522868436,0.5,1,3.7344905650727878,26526,965.6607397230921,0.235,0.39210708799796123,0.9821896745785765,0.1278013002313332,0.5162707064188202,medium
ITA.15.3.18_1,Grammichele,sicily,37.22710157417905,14.613340551199544,30.89469909858233,2.369004959206527,1.0,2,7.443835302369711,12394,401.16914427461523,0.235,0.7126704486164451,0.9640462092273738,0.05291048740746445,0.6561311845579275,high
ITA.15.3.19_1,GravinaDiCatania,sicily,37.55582339332724,15.063586502030661,4.950651405808437,0.0,0.0,0,1.944441395664937,2500,504.9840505972268,0.235,0.0,0.990945316715459,0.06668355822095862,0.3106203066588294,low
ITA.15.3.20_1,LicodiaEubea,sicily,37.139643742267886,14.678164664399743,110.20565200251053,3.019268435972101,1.0,2,8.587858381058485,2500,22.68486193378765,0.235,0.8275022800108391,0.9584504653536751,0.002697170195817206,0.7018257136506855,high
ITA.15.3.21_1,Linguaglossa,sicily,37.8132235520723,15.093100622711878,60.22045534361019,2.281094272158658,1.0,2,5.1959535397703736,4962,82.39725142706851,0.235,0.6971460564991778,0.9750412414397321,0.01061918253553044,0.6432092371886147,high
ITA.15.3.22_1,Maletto,sicily,37.80301730967507,14.913946747964012,40.18556846431755,1.3175519630484989,0.5,1,5.429767242384663,3556,88.48947858377372,0.235,0.3798308017103076,0.9738975917893332,0.011427435213430485,0.48437016543463984,medium
ITA.15.3.23_1,Maniace,sicily,37.87767371699059,14.787750090683403,38.021489029126215,0.0,0.0,0,8.443912828542464,3752,98.68103790269221,0.235,0.0,0.9591545441949524,0.012779544204052551,0.2903022720992962,low
ITA.15.3.24_1,Mascali,sicily,37.76762919289455,15.166988628730076,36.83559016714761,1.2315900490104845,0.5,1,6.13075969324766,14413,391.27919315527777,0.235,0.3646505488253508,0.9704688373476644,0.05159839262325943,0.48378560414162664,medium
ITA.15.3.25_1,Mascalucia,sicily,37.58826506782858,15.04038816763798,16.023806289939444,0.0,0.0,0,4.782517357384398,32046,1999.8993634939347,0.235,0.0,0.9770634759801431,0.2650132123528971,0.3461216852646224,low
ITA.15.3.26_1,Mazzarrone,sicily,37.08719778035827,14.564567805318617,35.115735564957895,1.0244693669478173,0.5,1,10.534762022039672,3987,113.53884336623835,0.235,0.3280745329629583,0.9489276031626527,0.014750721697067062,0.45166569176968835,low
ITA.15.3.27_1,MilitelloInValDiCatania,sicily,37.281571906035964,14.789163497628994,61.83778577266369,2.667506138632265,1.0,2,8.299424291012263,2500,40.4283557175031,0.235,0.7653836000259951,0.9598612789311353,0.005051190490383308,0.6716604217904149,high
ITA.15.3.28_1,Milo,sicily,37.73569179674642,15.103844346057313,16.822719847737957,1.6905998441963126,0.5,1,9.484886603743382,1021,60.6917317319106,0.235,0.445708361992607,0.9540628439191695,0.007739522278687454,0.5106209386277919,medium
ITA.15.3.29_1,Mineo,sicily,37.3057308502157,14.64307200723809,244.859472692881,2.2818473336874043,1.0,2,7.952812991889746,4381,17.89189510137899,0.235,0.6972790417237651,0.9615566538669649,0.002061289724236844,0.6375187749668194,high
ITA.15.3.30_1,MirabellaImbaccari,sicily,37.32097932463117,14.461262656966301,15.631695966270668,1.2525460717749757,0.5,1,11.740200093435028,2500,159.93146267649917,0.235,0.36835123102383244,0.9430314610053939,0.02090560690206895,0.47126617519394814,medium
ITA.15.3.31_1,Misterbianco,sicily,37.50493719229053,15.01364784593349,38.858404142260326,1.4951576856220512,0.5,1,5.192198292703241,48717,1253.7056288170618,0.235,0.41119468899287476,0.9750596094264988,0.16601606914542144,0.5313184411534714,medium
ITA.15.3.32_1,MottaSant'Anastasia,sicily,37.49757338256629,14.96643872924639,35.57913909642746,1.150231124807396,0.5,1,8.755259601201862,2500,70.26589354015672,0.235,0.35028315068546345,0.9576316581377047,0.009009721455624958,0.4642330170751681,medium
ITA.15.3.33_1,Nicolosi,sicily,37.656279123108554,15.01495213015447,41.18483643697266,1.7377839197760534,0.5,1,12.059988684141562,7624,185.11667544600817,0.235,0.45404072880247853,0.9414672836031549,0.024246916269043864,0.5143099327359946,medium
ITA.15.3.34_1,Palagonia,sicily,37.351536270873005,14.768839589099791,57.01401590776098,1.317701756399954,0.5,1,4.278549639272246,15638,274.28343278431106,0.235,0.37985725413381427,0.9795285261383971,0.03607662460797638,0.4910025098300216,medium
ITA.15.3.35_1,Paternò,sicily,37.53433785441869,14.857417938467762,144.68800155193486,0.0,0.0,0,6.620586476188458,44888,310.23996128585503,0.235,0.0,0.9680729545452335,0.04084695895399237,0.2985912781543685,low
ITA.15.3.36_1,Pedara,sicily,37.64017992327992,15.052812816799971,19.34745330059784,1.3187378370864609,0.5,1,8.973560397828697,15163,783.7207184023263,0.235,0.38004021849665337,0.9565638865445404,0.10366341015153693,0.49772195724199614,medium
ITA.15.3.37_1,PiedimonteEtneo,sicily,37.8028529193851,15.142083378247893,26.66863643101378,1.293339631554086,0.5,1,4.103880077625883,2500,93.74307555869909,0.235,0.37555507891919976,0.9803828848901669,0.01212442725170626,0.4843172903769912,medium
ITA.15.3.38_1,Raddusa,sicily,37.49478103631666,14.534334445586694,23.90979956525596,0.9403202328966521,0.5,1,15.914965430118892,2778,116.18667034067464,0.235,0.3132144039250925,0.9226114904715356,0.015102007554875013,0.43641105061498187,low
ITA.15.3.39_1,Ragalna,sicily,37.661551680442734,14.953555108995587,38.75598092156467,0.0,0.0,0,10.483008647918178,4238,109.3508640273348,0.235,0.0,0.949180743708135,0.014195104608506379,0.28759324403414177,low
ITA.15.3.40_1,Ramacca,sicily,37.43792949063515,14.700008836577629,307.0923564581271,1.1958495460440985,0.5,1,11.564156460535264,10167,33.107303995650895,0.235,0.35833903425128766,0.9438925407324145,0.0040799102825008525,0.46315326140186835,medium
ITA.15.3.41_1,Randazzo,sicily,37.84870597370634,14.901787045581402,203.994839376368,3.2703943102495585,1.0,2,4.134696067127259,10161,49.81008358379635,0.235,0.8718492948504792,0.980232155077389,0.006295859554128777,0.7312534658592821,high
ITA.15.3.42_1,Riposto,sicily,37.70343055704087,15.198938576040902,12.835103768961144,0.0,0.0,0,2.5889894259272745,13966,1088.1096289827963,0.235,0.0,0.9877926480684428,0.14404653208240006,0.3251471008370128,low
ITA.15.3.43_1,SanCono,sicily,37.292201913119314,14.366743450207252,6.330709728842145,2.008771929824561,0.5,1,13.474708716990204,2500,394.9004309280245,0.235,0.501895253301647,0.9345474835534172,0.05207882039652688,0.5417276357961539,medium
ITA.15.3.44_1,SanGiovanniLaPunta,sicily,37.577720074337776,15.093228849303848,10.952234831000474,0.0,0.0,0,1.8714380946698914,2500,228.26391495219863,0.235,0.0,0.9913023967271412,0.02997123858629204,0.3033849667354008,low
ITA.15.3.45_1,SanGregorioDiCatania,sicily,37.55931590540742,15.109277909646266,5.384249042561339,0.0,0.0,0,2.264043974823352,2500,464.3173040916261,0.235,0.0,0.9893820491488696,0.06128832164832723,0.30907227907432633,low
ITA.15.3.46_1,SanMicheleDiGanzaria,sicily,37.279339847480536,14.425140360096817,26.493146441923567,3.4099035751919207,1.0,2,10.71194147719083,2500,94.3640275223755,0.235,0.8964856229885773,0.9480609678043488,0.0122068086328628,0.7351024635621659,high
ITA.15.3.47_1,SanPietroClarenza,sicily,37.5677589471385,15.023836161437057,6.370279568326303,0.0,0.0,0,3.4209146178921586,2500,392.4474543362683,0.235,0.0,0.9837234641655719,0.05175338523987305,0.30546771629764613,low
ITA.15.3.48_1,Sant'AgataliBattiati,sicily,37.555166370951206,15.08172125410004,3.1947578275317445,0.0,0.0,0,0.8481305271120596,2500,782.5319272889891,0.235,0.0,0.996307686531814,0.103505693839242,0.3195934447273926,low
ITA.15.3.49_1,Sant'Alfio,sicily,37.761738301652876,15.091490690783953,25.867517129716994,0.0,0.0,0,9.736515643237041,1512,58.451686430430215,0.235,0.0,0.9528320543639403,0.00744233660800112,0.2873380836307823,low
ITA.15.3.50_1,SantaMariaDiLicodia,sicily,37.62620774035329,14.898561441867502,26.273202227713806,0.0,0.0,0,6.51516399169901,2500,95.15398916097561,0.235,0.0,0.9685886060497539,0.012311612441620016,0.2930389043032502,low
ITA.15.3.51_1,SantaVenerina,sicily,37.6848982482981,15.142750876293636,18.461046316217452,0.0,0.0,0,7.2742741501402195,2500,135.42027668300838,0.235,0.0,0.9648755812885502,0.017653720324605993,0.29299341845148624,low
ITA.15.3.52_1,Scordia,sicily,37.302077384478686,14.850283908875829,24.57570741299231,2.119508111892369,1.0,2,11.723182730643554,16018,651.781848262559,0.235,0.6686111081676797,0.9431146977908756,0.08615914736445367,0.6344717928939932,high
ITA.15.3.53_1,Trecastagni,sicily,37.64872612566494,15.073151707650455,18.687460657461607,0.0,0.0,0,7.604041427291685,11308,605.1116418262475,0.235,0.0,0.9632625952787036,0.079967434816641,0.3049722655469393,low
ITA.15.3.54_1,TremestieriEtneo,sicily,37.57574097243139,15.073277781829136,6.195138784545748,0.0,0.0,0,1.737537453637674,2500,403.5422105855712,0.235,0.0,0.9919573430352167,0.05322532090781308,0.30823226709212764,low
ITA.15.3.55_1,Valverde,sicily,37.581103787767816,15.123361333000144,5.698318725335034,0.0,0.0,0,4.039351936341745,2500,438.7258980240723,0.235,0.0,0.9806985104732502,0.05789312282312219,0.3057881777065995,low
ITA.15.3.56_1,Viagrande,sicily,37.62338730527993,15.096109896073113,10.020201928302209,0.0,0.0,0,4.887494118776411,8936,891.7983952758613,0.235,0.0,0.9765500046346932,0.11800202056564583,0.3165654055035371,low
ITA.15.3.57_1,Vizzini,sicily,37.18181594908396,14.776183431668903,127.88587843847081,2.791062995871171,1.0,2,1.3602445218063126,5648,44.16437584011591,0.235,0.7872028482308182,0.9938027906063487,0.005546846379620265,0.6928516305732377,high
ITA.15.3.58_1,ZafferanaEtnea,sicily,37.710842251034265,15.0634646341367,76.48168609887773,0.0,0.0,0,12.741038651893197,2500,32.6875638799062,0.235,0.0,0.9381360735465388,0.004024223574857436,0.28224566677893315,low
ITA.15.4.1_1,Agira,sicily,37.60359798149251,14.547900837846422,163.07081371582353,1.5993237945903567,0.5,1,13.7448189585229,7584,46.50740268713143,0.235,0.4295896711646488,0.9332262971565376,0.005857694559568331,0.4959342636411993,medium
ITA.15.4.2_1,Aidone,sicily,37.421937458262924,14.4984098379463,208.91245720926014,2.778230476651351,1.0,2,9.89908899740036,4180,20.00838081097789,0.235,0.7849367180604059,0.952036861620426,0.0023420828067202693,0.6785478340776747,high
ITA.15.4.3_1,Assoro,sicily,37.57828863784832,14.452365857387374,112.6532619277403,1.483520795187026,0.5,1,8.413947235958258,4774,42.3778230501857,0.235,0.409139698226614,0.9593011144733395,0.00530982532975977,0.4934221485212608,medium
ITA.15.4.4_1,Barrafranca,sicily,37.36127477112294,14.191751511554449,54.80549181963487,0.0,0.0,0,18.15794546587623,11593,211.5298962766837,0.235,0.0,0.9116404340062207,0.027751144840833433,0.2790423591700329,low
ITA.15.4.5_1,Calascibetta,sicily,37.63286180665391,14.245363572563571,88.82191721160457,0.0,0.0,0,10.61865341086645,4023,45.292875072892436,0.235,0.0,0.9485172664012461,0.005696563798790344,0.2856944926801319,low
ITA.15.4.6_1,Catenanuova,sicily,37.5720166217319,14.6951730033266,11.475380343959632,0.0,0.0,0,15.932702662038352,4453,388.0481401510978,0.235,0.0,0.9225247326003889,0.05116973046475946,0.28699136587306856,low
ITA.15.4.7_1,Centuripe,sicily,37.60383048279355,14.756969376423422,171.93263727995304,2.6575299554429073,1.0,2,9.512782941909405,5008,29.12768674539445,0.235,0.7636218781595633,0.9539263949555961,0.003551936486251839,0.6686992448637108,high
ITA.15.4.8_1,Cerami,sicily,37.81933469544607,14.491698993550216,94.37775260813468,3.579281336916133,1.0,2,10.29280852684756,1855,19.655055865783694,0.235,0.9263965118378467,0.9501110668651447,0.002295207365969872,0.7486906174516608,high
ITA.15.4.9_1,Enna,sicily,37.5201306543214,14.28921608151851,357.00718596662233,2.7812672255675857,1.0,2,3.400802417699049,25328,70.94535066968649,0.235,0.7854729859764061,0.9838218386853816,0.00909986468737499,0.6897030175312926,high
ITA.15.4.10_1,GaglianoCastelferrato,sicily,37.7188074279982,14.53571926636209,55.79560432755133,1.5115241073229777,0.5,1,9.62589852277763,2500,44.80639702947933,0.235,0.4140848808065661,0.9533731143177713,0.005632023004231254,0.4941807792994607,medium
ITA.15.4.11_1,Leonforte,sicily,37.64593393763676,14.36651763443921,84.43728972867324,1.4023389413212968,0.5,1,2.9276794342696277,12177,144.21353455480383,0.235,0.39480356942884903,0.9861360184299596,0.018820317373522993,0.4970066537181169,medium
ITA.15.4.12_1,Nicosia,sicily,37.76100330712956,14.368566006924913,216.78185120537069,3.9960791841089813,1.0,2,13.59586884358406,12573,57.99839760612077,0.235,1.0,0.9339548547430778,0.007382199010257898,0.7816628962249749,high
ITA.15.4.13_1,Nissoria,sicily,37.6965253954834,14.450871126045605,61.409557028169395,1.6700158790998194,0.5,1,7.652899368410188,2821,45.937475150748426,0.235,0.4420733824899204,0.9630236171236398,0.00578208256322582,0.5111001928946973,medium
ITA.15.4.14_1,PiazzaArmerina,sicily,37.38649387384193,14.34975562142358,304.35640966553814,3.0908779508341744,1.0,2,4.3649020620291745,2500,8.214054051785167,0.235,0.8401480029073143,0.9791061517566014,0.0007773354750890588,0.7139613140756553,high
ITA.15.4.15_1,Pietraperzia,sicily,37.40994632290937,14.130990705758004,118.52016409796502,2.2351032077292627,1.0,2,12.000351329328636,6299,53.14707457537306,0.235,0.6890243668381285,0.9417589869516753,0.006738576451528391,0.6283875947948725,medium
ITA.15.4.16_1,Regalbuto,sicily,37.656787020111885,14.639457217627895,169.74977929955443,1.775569730672773,0.5,1,14.939161755962742,6628,39.04570614082323,0.235,0.4607134299782772,0.9273844251555547,0.004867755074368182,0.5095455935506786,medium
ITA.15.4.17_1,Sperlinga,sicily,37.7555454516583,14.315628422354681,59.643158209324106,1.9309302796333248,0.5,1,14.692049334138408,675,11.317308141715342,0.235,0.4881489803375206,0.9285931226427796,0.001189042616643974,0.522890235484923,medium
ITA.15.4.18_1,Troina,sicily,37.76660130173095,14.641591132574442,167.01013463859104,1.7408407147220526,0.5,1,4.2142119121687776,8421,50.42208976253444,0.235,0.4545805367024888,0.9798432203512967,0.00637705410254807,0.5225186452771431,medium
ITA.15.4.19_1,ValguarneraCaropepe,sicily,37.51188718421959,14.39164687257844,9.746360827573055,0.0,0.0,0,8.862153623939772,2500,256.5059968770442,0.235,0.0,0.9571088089190016,0.033718101229144315,0.29387626292152935,low
ITA.15.4.20_1,Villarosa,sicily,37.59376259419271,14.178603499263591,55.011851014699964,0.0,0.0,0,12.015699596882852,4327,78.6557790764714,0.235,0.0,0.9416839141880761,0.010122803301980232,0.2845297349168188,low
ITA.15.5.1_1,Acquedolci,sicily,38.050616314347586,14.584463508125102,12.069123240167185,0.0,0.0,0,24.1928436082161,2500,207.1401501378131,0.235,0.0,0.8821220222386018,0.027168759453555395,0.2700703585622916,low
ITA.15.5.2_1,AlcaraLiFusi,sicily,37.98944190002061,14.709340982110902,62.35524090212611,1.3705250596658711,0.5,1,22.280196691195165,2500,40.09286090200572,0.235,0.3891854678057525,0.8914773250011436,0.005006680563869999,0.4630372675159933,medium
ITA.15.5.3_1,Alì,sicily,38.04486369300266,15.40395908571833,16.094700293288252,0.0,0.0,0,32.38297265108901,2500,155.33063396294122,0.235,0.0,0.8420617601073637,0.02029521729698014,0.2566775714916051,low
ITA.15.5.4_1,AlìTerme,sicily,38.015394481662284,15.424472814714138,6.069783797445733,0.0,0.0,0,31.561395448819848,2500,411.8762847948624,0.235,0.0,0.8460803290348694,0.054330998293802134,0.2646902983692212,low
ITA.15.5.5_1,Antillo,sicily,37.961594803855675,15.224308097581089,44.549018407046,2.5738509187339047,1.0,2,15.360611299912529,794,17.8230638606937,0.235,0.7488447649155456,0.925322994973278,0.0020521579185480434,0.6524297125334658,high
ITA.15.5.6_1,BarcellonaPozzoDiGotto,sicily,38.133563507822345,15.228042242739884,59.10334562333515,2.531695497197687,1.0,2,29.596693981304288,2500,42.29878991846701,0.235,0.7414004220742643,0.8556902454826197,0.005299340044377042,0.6284671526907935,medium
ITA.15.5.7_1,Basicò,sicily,38.061391938853724,15.065193318367104,12.538865860358063,1.1664806028467765,0.5,1,17.317702550904578,2500,199.3800737516311,0.235,0.3531526910935245,0.9157503022697705,0.026139234066778358,0.45652928304104906,low
ITA.15.5.8_1,Brolo,sicily,38.148119098477686,14.833538788897638,7.304147697842325,2.040953545232274,0.5,1,32.21395306187259,2500,342.2712824849517,0.235,0.5075782940482673,0.8428884832290483,0.045096538043858055,0.5156749996016197,medium
ITA.15.5.9_1,Capizzi,sicily,37.86821220580126,14.488107570674199,70.12480303814024,0.8947990543735225,0.5,1,12.908791068875875,2800,39.92881090128846,0.235,0.30517569271983963,0.9373155485264449,0.004984916133723415,0.43477949414459793,low
ITA.15.5.10_1,Capod'Orlando,sicily,38.140779859069994,14.74103252577701,14.491070816589628,0.0,0.0,0,35.22425541888725,2500,172.52003193152274,0.235,0.0,0.8281642339669157,0.0225757259816086,0.2529644153863964,low
ITA.15.5.11_1,CapriLeone,sicily,38.09334474898188,14.722371181955328,6.314158306761728,0.0,0.0,0,31.815903775647435,2500,395.9355908645482,0.235,0.0,0.8448354560623039,0.05221615453874271,0.26389386772643975,low
ITA.15.5.12_1,Caronia,sicily,37.97473599324233,14.492629444743264,225.37699791005974,2.248070137033075,1.0,2,12.940679573545976,2500,11.092525072135642,0.235,0.6913142328581682,0.9371595727354202,0.0011592207611449675,0.6270368324019392,medium
ITA.15.5.13_1,CasalvecchioSiculo,sicily,37.98336187066665,15.278979659312395,33.182815452367684,2.693904083204931,1.0,2,19.9953061097997,2500,75.3402014240964,0.235,0.7700452862941595,0.9026533779244553,0.009682927301400022,0.6577552419846964,high
ITA.15.5.14_1,CastelDiLucio,sicily,37.88368911549733,14.29615910346754,28.591446653135602,1.728460768495279,0.5,1,7.003260614614218,2500,87.43873754725968,0.235,0.4523943276524963,0.9662011859545393,0.01128803393460469,0.5183151263995308,medium
ITA.15.5.15_1,Castell'Umberto,sicily,38.074430017998104,14.814400587708052,11.300991511383447,0.0,0.0,0,25.552365724765306,2500,221.2195272849961,0.235,0.0,0.8754722109746913,0.029036663257807124,0.2684489959439688,low
ITA.15.5.16_1,Castelmola,sicily,37.866682971817674,15.260550863639471,16.924064524460128,2.939561813796427,1.0,2,10.847745339590942,1067,63.04632072619901,0.235,0.8134266664699709,0.9473967122965656,0.008051904402832807,0.6925427278045216,high
ITA.15.5.17_1,Castroreale,sicily,38.0655453860895,15.225422537032978,52.311309338486886,2.640837392716307,1.0,2,23.314148461675142,2500,47.790812954488224,0.235,0.760674092197332,0.8864199713575488,0.006027963946896387,0.6474686302953099,high
ITA.15.5.18_1,Cesarò,sicily,37.870194756989385,14.664706686117027,216.0953370109092,1.7940847433925324,0.5,1,10.696409529298078,2113,9.778091601732845,0.235,0.46398304744084146,0.9481369390009851,0.0009848355412496095,0.5166295725289661,medium
ITA.15.5.19_1,Condrò,sicily,38.1690709382393,15.331155477578209,4.914319622258814,1.6473835382820214,0.5,1,38.0773042539356,2500,508.71742014429697,0.235,0.4380766746357797,0.8142091566284555,0.06717886245968661,0.4767368567983638,medium
ITA.15.5.20_1,Falcone,sicily,38.10488789919169,15.066694190820929,8.957106964879436,1.5674884437596301,0.5,1,22.153671296252195,2500,279.10797647079903,0.235,0.4239677782403238,0.8920961968725319,0.036716694364725,0.4869560870548665,medium
ITA.15.5.21_1,Ficarra,sicily,38.11904974892504,14.83407622163835,18.868065717573284,1.837037037037037,0.5,1,29.198171623639965,2500,132.499008505761,0.235,0.4715681121384954,0.8576395322435022,0.017266157161514528,0.4965291471746013,medium
ITA.15.5.22_1,Fiumedinisi,sicily,38.04601794045771,15.369042375714429,35.59467684379295,2.0177958933496782,1.0,2,30.38278476841931,2500,70.23522115318637,0.235,0.6506494653140174,0.8518452507547061,0.009005652165647958,0.5826794383165501,medium
ITA.15.5.23_1,Floresta,sicily,37.97052298103106,14.912144219275994,31.389156103827382,0.0,0.0,0,11.32584169944023,472,15.037040130634399,0.235,0.0,0.9450582063463792,0.0016825375674691904,0.2838539694174076,low
ITA.15.5.24_1,Fondachelli-Fantina,sicily,38.003840387691476,15.180702009527689,42.01918017028835,1.7943234836702955,0.5,1,15.622085498711186,2500,59.4966391507025,0.235,0.4640252072488312,0.9240440499298486,0.007580969953855508,0.5107420125941412,medium
ITA.15.5.25_1,Forzad'Agrò,sicily,37.925670502331975,15.3072162312783,11.5062092132384,2.770105364655549,1.0,2,17.3788063997097,2500,217.2739912571414,0.235,0.7835018819914891,0.9154514258799668,0.028513210999997794,0.6720890109597342,high
ITA.15.5.26_1,FrancavillaDiSicilia,sicily,37.93927586466015,15.115695142269175,81.26522403845038,3.033663731716885,1.0,2,6.639051478094073,2500,30.76346653295551,0.235,0.8300443852234213,0.9679826369430662,0.0037689545585828815,0.706170774606347,high
ITA.15.5.27_1,Frazzanò,sicily,38.063961452075354,14.748625257276029,6.544750925489814,1.9827617328519855,0.5,1,27.929540298010156,2500,381.98550692941734,0.235,0.4973020404579145,0.8638447706697339,0.05036540399916537,0.5178775322297104,medium
ITA.15.5.28_1,FurciSiculo,sicily,37.98959288498168,15.321204206765785,18.8859359514767,1.485753258563201,0.5,1,22.91902037761348,2500,132.3736354090793,0.235,0.4095339351277579,0.8883526557560564,0.017249523976552265,0.4747226690860063,medium
ITA.15.5.29_1,Furnari,sicily,38.10622150319267,15.109851462969099,12.819832500719638,0.0,0.0,0,22.82127738449694,2500,195.01034821318166,0.235,0.0,0.8888307446732447,0.025559504802374164,0.2717611243624482,low
ITA.15.5.30_1,Gaggi,sicily,37.865487101492974,15.226107750823909,7.624014494156413,1.9854676523730965,1.0,2,7.936049602597336,3085,404.64246262445636,0.235,0.6449405315514056,0.9616386483954695,0.053371290786138316,0.6216361184515713,medium
ITA.15.5.31_1,GalatiMamertino,sicily,38.004105303666414,14.79072066692413,39.189382866613585,3.155506302822155,1.0,2,20.426562969541987,2500,63.79278817707059,0.235,0.8515609028839445,0.9005439773574149,0.008150937859828601,0.6975738322211624,high
ITA.15.5.32_1,Gallodoro,sicily,37.905990558717136,15.305748244004533,6.8209088517930825,2.9390372613640787,1.0,2,16.165810729719155,320,46.914569150983205,0.235,0.8133340343006715,0.9213845344121411,0.00591171312721105,0.6842647200994203,high
ITA.15.5.33_1,Giardini-Naxos,sicily,37.8251805614644,15.263580061700756,5.245766279569705,0.0,0.0,0,10.817571886639893,9321,1776.8614732802343,0.235,0.0,0.9475442992794197,0.2354228889126442,0.33134786756635476,low
ITA.15.5.34_1,GioiosaMarea,sicily,38.158422371504166,14.920527468428642,25.622846710820813,1.6784643448724132,0.5,1,30.372916700970425,2500,97.56917442526877,0.235,0.4435653204993644,0.8518935182931857,0.012632033842082929,0.47987712250605447,medium
ITA.15.5.35_1,Graniti,sicily,37.891227742128955,15.215614925617944,9.837734207329847,2.2357567540950276,1.0,2,8.645499511980546,1443,146.68011653789722,0.235,0.689139778403999,0.9581685261067852,0.01914755755052477,0.63584995854414,high
ITA.15.5.36_1,GualtieriSicaminò,sicily,38.1367454908505,15.338295141632743,13.024839871698484,1.566568400924229,0.5,1,35.82759174047761,2500,191.94093936096823,0.235,0.4238053053235364,0.8252131435665466,0.02515228789129081,0.46449705330999036,medium
ITA.15.5.37_1,Itala,sicily,38.05378025143566,15.429413303622239,11.002184068863887,2.0166666666666666,0.5,1,34.67563721464153,2500,227.22761084092244,0.235,0.5032894067830406,0.8308476824152864,0.029833752646993807,0.506865758645505,medium
ITA.15.5.38_1,Leni,sicily,38.55697934028039,14.826714904582882,9.60150234546999,0.0,0.0,0,75.03808399544329,2500,260.3759193142837,0.235,0.0,0.6334234184222629,0.03423152187034967,0.1968733299007488,low
ITA.15.5.39_1,Letojanni,sicily,37.8919704235774,15.30966658049469,6.960564242981358,2.8804991204831136,1.0,2,15.838561761731484,2917,419.07522122812657,0.235,0.8029966215995616,0.9229852026520599,0.05528607752846494,0.6894510871010917,high
ITA.15.5.40_1,Librizzi,sicily,38.08615009398264,14.965060419403525,23.610143439979307,1.693103448275862,0.5,1,21.464396302205902,196,8.301516697611888,0.235,0.44615048038278804,0.8954676378837124,0.0007889390998205932,0.49187331937647183,medium
ITA.15.5.41_1,Limina,sicily,37.945341669980124,15.275777947926477,9.339413519156995,1.0555555555555556,0.5,1,16.615103073210616,731,78.2704394125577,0.235,0.3335641292519177,0.9191869171390056,0.010071680484782493,0.444552475864617,low
ITA.15.5.42_1,Lipari,sicily,38.48714752458054,14.936338867342307,38.915559102121236,1.5854493580599145,0.5,1,65.42364544601432,2500,64.24165700509563,0.235,0.42713954592575226,0.6804503854600987,0.008210489058913126,0.41934698641268836,low
ITA.15.5.43_1,Longi,sicily,37.96099964776576,14.753141057832828,42.07367569585957,2.0901324965132497,0.5,1,17.48501523156815,2500,59.41957669854889,0.235,0.5162629414926232,0.9149319281257031,0.007570746117528239,0.5341251984075283,medium
ITA.15.5.44_1,Malfa,sicily,38.575513988611775,14.83116105124327,8.6799198124089,0.0,0.0,0,76.92894031815918,2500,288.02109397669494,0.235,0.0,0.6241746996848672,0.03789919313032819,0.19483224853152578,low
ITA.15.5.45_1,Malvagna,sicily,37.92726229924048,15.052436582760455,6.51215497951684,1.5112994350282485,0.5,1,2.3699115243453917,612,93.97810738917741,0.235,0.41404520530272937,0.988864220704062,0.012155608805100372,0.5061129906236034,medium
ITA.15.5.46_1,Mandanici,sicily,38.01289339534962,15.327260399666892,11.450523066330657,3.5941078698294815,1.0,2,25.204128414588762,2500,218.33063743184354,0.235,0.9290147704184111,0.8771755391953485,0.02865339571050319,0.7333907261099107,high
ITA.15.5.47_1,MazzarràSant'Andrea,sicily,38.0830619133869,15.13289209791638,7.162325828581487,0.0,0.0,0,20.904234083978597,2500,349.04862747568274,0.235,0.0,0.8982075514040896,0.04599568495629415,0.2786614024124857,low
ITA.15.5.48_1,Merì,sicily,38.16358446605109,15.254610935647708,1.4931062528255934,0.0,0.0,0,33.65691462515975,2500,1674.361751060204,0.235,0.0,0.8358305457816662,0.2218243029050347,0.2951140243155068,low
ITA.15.5.49_1,Messina,sicily,38.19171765999202,15.511071878111503,210.1113993824982,3.5334481544920164,1.0,2,50.775401081757835,2500,11.898450095270006,0.235,0.9183027029981229,0.7520991355497196,0.0012661424240081247,0.6850343206487789,high
ITA.15.5.50_1,Milazzo,sicily,38.20588839990869,15.243674679675792,24.242167178181504,0.0,0.0,0,37.300697684588464,2500,103.12609353878462,0.235,0.0,0.8180077613363949,0.013369267474192299,0.2480761818957569,low
ITA.15.5.51_1,MilitelloRosmarino,sicily,38.000836754597614,14.660798550259408,29.50650491024378,0.0,0.0,0,24.246523140109208,2500,84.72707993050287,0.235,0.0,0.8818594603049054,0.010928279697949296,0.26674349403106146,low
ITA.15.5.52_1,Mirto,sicily,38.09104836735971,14.749750747989188,9.348831566099298,0.0,0.0,0,30.30378294882963,2500,267.41309674093304,0.235,0.0,0.8522316712353896,0.03516514061988808,0.26270252949459444,low
ITA.15.5.53_1,Mistretta,sicily,37.90438966364872,14.369374394326991,126.74377159648859,3.0606070941409644,1.0,2,2.403680819540794,4303,33.95038624619258,0.235,0.8348023883431248,0.988699045428992,0.004191761575823087,0.7148492601154246,high
ITA.15.5.54_1,MoioAlcantara,sicily,37.911432297264895,15.04073736376626,8.359162194644922,1.3850358801181932,0.5,1,1.2281683783354418,2500,299.0730340896555,0.235,0.39174797384694,0.994448812775356,0.0393654484032393,0.5020817204367246,medium
ITA.15.5.55_1,MonforteSanGiorgio,sicily,38.1360913060983,15.395633718335274,32.84384977049992,0.0,0.0,0,39.44949654886198,2500,76.11775164814813,0.235,0.0,0.8074973719005883,0.009786084494102515,0.24420642846899698,low
ITA.15.5.56_1,MongiuffiMelia,sicily,37.90541702537526,15.258364403227095,24.10960974738932,3.0606835333797795,1.0,2,12.56946223839268,2500,103.69309276234591,0.235,0.8348158869603732,0.9389753028266135,0.013444490972762322,0.7017894325227231,high
ITA.15.5.57_1,Montagnareale,sicily,38.12037278041202,14.938217339623526,16.25301829510933,2.010174418604651,0.5,1,25.872605700296134,2500,153.81758357783124,0.235,0.5021429226862615,0.8739058257202574,0.020094481672042572,0.5172621053936165,medium
ITA.15.5.58_1,MontalbanoElicona,sicily,38.01730918476489,15.020137723861843,66.40158626361405,2.0599666111463804,1.0,2,12.710929237377483,2500,37.649702976597716,0.235,0.6580965093643742,0.9382833472991017,0.004682548044686048,0.6114697684808549,medium
ITA.15.5.59_1,MottaCamastra,sicily,37.90542829729878,15.187629900705636,25.546754928924912,2.895906678540449,1.0,2,8.336984115068873,2500,97.8597871610462,0.235,0.8057174850222464,0.9596775630959593,0.012670589285910305,0.693296129297093,high
ITA.15.5.60_1,Mottad'Affermo,sicily,37.992887682861415,14.308103193070153,14.26162671929232,3.5540928958096636,1.0,2,8.49435643547904,2500,175.29557105979654,0.235,0.9219484151423152,0.9589078100951419,0.022943955345901854,0.7532353416688806,high
ITA.15.5.61_1,Naso,sicily,38.122278618033974,14.77503428813339,36.38453742656366,1.863511549022775,0.5,1,31.88787741443771,2500,68.71050662787312,0.235,0.47624331965855593,0.8444834124227734,0.008803369065162913,0.4932273573691425,medium
ITA.15.5.62_1,NizzaDiSicilia,sicily,38.01733451895057,15.36253127792235,13.992831315236584,3.6844879066588323,1.0,2,27.65327251628385,2500,178.66291272144383,0.235,0.9449752318643315,0.8651960753557085,0.023390698851261025,0.7367245783091305,high
ITA.15.5.63_1,NovaraDiSicilia,sicily,38.017573235666944,15.129658072679153,49.613368058819916,0.0,0.0,0,14.118874154098862,2500,50.38964492465187,0.235,0.0,0.9313966862788721,0.006372749662410155,0.28069355581614364,low
ITA.15.5.64_1,Oliveri,sicily,38.1126524560393,15.045113753364383,9.986049236852725,2.1506924056223857,0.5,1,22.994119858560175,2500,250.34925631789872,0.235,0.5269573838541571,0.88798532272908,0.032901289590959046,0.5364545466639944,medium
ITA.15.5.65_1,PaceDelMela,sicily,38.18800520832055,15.306468566988782,11.898675094374738,0.0,0.0,0,38.4276165012358,2500,210.10742626142547,0.235,0.0,0.8124956792972478,0.027562426467487886,0.2492611890826719,low
ITA.15.5.66_1,Pagliara,sicily,38.000626619884216,15.331387987160436,14.298028141942254,2.329386073853287,1.0,2,24.424288147294845,1116,78.0527209011635,0.235,0.7056740397368529,0.8809899608442326,0.010042795880624374,0.6191425672978211,medium
ITA.15.5.67_1,Patti,sicily,38.12434977512355,14.999211291722396,48.505244313116044,1.983022712291005,0.5,1,24.73584092700354,2500,51.54081863523339,0.235,0.4973481275410888,0.8794660671476239,0.006525475293016622,0.5138189789734349,medium
ITA.15.5.68_1,Pettineo,sicily,37.95074755341428,14.285332448232325,31.254617793916704,3.682916505262834,1.0,2,6.708384417191222,1238,39.6101468321574,0.235,0.9446977337322577,0.9676435097205254,0.0049426391337690995,0.7636304476090403,high
ITA.15.5.69_1,Piraino,sicily,38.15457177248965,14.872421588471555,16.14202524727176,1.2858108108108108,0.5,1,31.845130237293056,2500,154.87523787775865,0.235,0.37422554357686333,0.8446925010846029,0.020234800130008796,0.4445674821398143,low
ITA.15.5.70_1,Raccuja,sicily,38.02852194978453,14.920616711166414,25.024820320251745,2.8409577440570866,1.0,2,17.239689239920384,2500,99.90081718895836,0.235,0.7960139002364598,0.9161318876723195,0.012941371701486971,0.6754347907602232,high
ITA.15.5.71_1,Reitano,sicily,37.982652562843384,14.339732755465871,13.674057272241102,0.0,0.0,0,6.431033907134802,706,51.63061598646431,0.235,0.0,0.9690001103402386,0.006537388661926519,0.29200751083445686,low
ITA.15.5.72_1,Roccafiorita,sicily,37.933029816104266,15.264188862703085,1.3686059567625122,0.5,0.5,1,14.930889538606877,177,129.32867866416424,0.235,0.23545703241311838,0.9274248869350881,0.016845551114105947,0.39932509250990683,low
ITA.15.5.73_1,Roccalumera,sicily,37.99046387217183,15.380110920417252,9.087671861288548,2.3076923076923075,0.5,1,26.79321361861496,4143,455.89234110094293,0.235,0.5546824321270577,0.8694028692546278,0.060170586093944003,0.5501961940587059,medium
ITA.15.5.74_1,Roccavaldina,sicily,38.17918525580046,15.381008611465946,7.168109859982431,1.9646025710664494,0.5,1,41.81746291846897,2500,348.7669760694945,0.235,0.4940952636990655,0.7959149715516022,0.04595831840750494,0.4950137869965144,medium
ITA.15.5.75_1,RoccellaValdemone,sicily,37.945159211326455,15.00277079057709,41.326364207784486,3.302980243367134,1.0,2,6.1913585210618045,2500,60.49407074453176,0.235,0.8776037351831866,0.9701724311598776,0.007713298696037638,0.7313962566787641,high
ITA.15.5.76_1,RodìMilici,sicily,38.08113643394778,15.17347315167549,35.283398107205244,2.4434377799702878,1.0,2,22.160944100948868,2500,70.85485339036757,0.235,0.7258147469348245,0.8920606235059765,0.009087858459361694,0.6323431322110775,medium
ITA.15.5.77_1,Rometta,sicily,38.17519387869307,15.42170087991393,31.79816031012463,0.0,0.0,0,44.03939644455289,2500,78.62090056838893,0.235,0.0,0.7850468595808188,0.01011817598805485,0.2375376930718566,low
ITA.15.5.78_1,SanFilippoDelMela,sicily,38.18314030522454,15.277393643763206,10.479145537063625,0.0,0.0,0,36.557959978597296,2500,238.569069506456,0.235,0.0,0.8216407037529314,0.031338418199003154,0.25275989476568006,low
ITA.15.5.79_1,SanFratello,sicily,37.97660937246245,14.612722423321431,67.52579022878228,0.0,0.0,0,21.015997848666288,2500,37.02289142459227,0.235,0.0,0.8976608828855931,0.004599389274926537,0.27021814272066325,low
ITA.15.5.80_1,SanMarcod'Alunzio,sicily,38.057722725493086,14.71130239511261,26.2092295391584,3.4372100619107613,1.0,2,28.634948031089763,2500,95.38624537836289,0.235,0.901307751234912,0.8603944198207246,0.012342425755837228,0.7112406867148409,high
ITA.15.5.81_1,SanPierNiceto,sicily,38.1326509311241,15.364613895594866,35.91447876680996,1.5316231929604023,0.5,1,37.16297145103409,2500,69.60980879695663,0.235,0.4176342341003699,0.8186814197109644,0.008922679026480272,0.4562060787687703,low
ITA.15.5.82_1,SanPieroPatti,sicily,38.03970957808656,14.96280742249859,41.72520590999188,3.4961509590262603,1.0,2,16.839330152410213,2500,59.915821755149885,0.235,0.9117162877768488,0.9180901584038701,0.007636582696758704,0.7328125079489373,high
ITA.15.5.83_1,SanSalvatoreDiFitalia,sicily,38.06463298139703,14.78446177381967,14.997710283444052,0.0,0.0,0,26.120370226923082,2500,166.69211184588264,0.235,0.0,0.872693938602052,0.021802538788379653,0.2661686893382915,low
ITA.15.5.84_1,SanTeodoro,sicily,37.83623713348282,14.695091276589329,14.05428157228812,0.0,0.0,0,9.803155229060511,2500,177.88173569323084,0.235,0.0,0.9525061011021014,0.02328706049229533,0.29040924242908944,low
ITA.15.5.85_1,Sant'AgatadiMilitello,sicily,38.03827616779901,14.6412582630547,33.81606971248205,0.0,0.0,0,27.74642356448567,2500,73.92934842091393,0.235,0.0,0.8647404469536125,0.009495750151137251,0.26132128411631117,low
ITA.15.5.86_1,Sant'AlessioSiculo,sicily,37.9298857553197,15.331998514500661,6.04577410788864,1.2138991552270328,0.5,1,19.469548461519032,2500,413.5119763634491,0.235,0.36152646481211037,0.9052250088593738,0.05454800466216672,0.46324033599630066,medium
ITA.15.5.87_1,Sant'AngelodiBrolo,sicily,38.104636728627455,14.89343309202018,30.562119422493215,1.6130952380952381,0.5,1,26.02437161598244,2500,81.80060961871779,0.235,0.43202160857942706,0.8731634952474219,0.010540026370314926,0.48006785813800307,medium
ITA.15.5.88_1,SantaDomenicaVittoria,sicily,37.93464660569209,14.968280825731567,20.30904658883742,2.3624447631496075,1.0,2,6.378434054475513,2500,123.0978514458719,0.235,0.7115119653947372,0.969257391254198,0.016018910436537897,0.6497369821609355,high
ITA.15.5.89_1,SantaLuciaDelMela,sicily,38.09856483448776,15.300884466387632,86.52290353194586,2.4875107851596203,1.0,2,30.510081084292228,2500,28.89408350792289,0.235,0.7335977211933807,0.8512226080886973,0.0035209444635652424,0.6228698319160126,medium
ITA.15.5.90_1,SantaMarinaSalina,sicily,38.55573897204465,14.860428883060134,9.254887913458022,0.0,0.0,0,74.18283754164113,2500,270.1275286505218,0.235,0.0,0.6376066732826904,0.035525262920562274,0.19838705456891956,low
ITA.15.5.91_1,SantaTeresaDiRiva,sicily,37.95667062406353,15.347722197105513,7.520831437528938,1.1821409066084108,0.5,1,22.259430641427738,2500,332.4100560910066,0.235,0.3559181875813263,0.891578897686111,0.04378825415435922,0.45419041392736825,low
ITA.15.5.92_1,SantoStefanoDiCamastra,sicily,37.99208206297059,14.369335988440186,21.40239721396888,1.8154088877202208,0.5,1,7.440268562488201,2500,116.80934500030233,0.235,0.4677487372474514,0.9640636551716146,0.015184617485227113,0.5261303886722555,medium
ITA.15.5.93_1,Saponara,sicily,38.18787093601043,15.44705137637738,25.51140738634417,1.5172413793103448,0.5,1,46.62603238621967,2500,97.99537760265662,0.235,0.4150945097282992,0.7723948838526188,0.012688578000826928,0.4418034356201006,low
ITA.15.5.94_1,Savoca,sicily,37.95400477585804,15.337833612556585,8.853506016830991,1.4267765140468553,0.5,1,21.383898598803352,1717,193.9344703370496,0.235,0.39911906819385384,0.8958613751596928,0.025416768631822795,0.47340130037119926,medium
ITA.15.5.95_1,ScalettaZanclea,sicily,38.0536293917706,15.455512622261592,4.846865469848573,1.450070821529745,0.5,1,36.363105424519816,2500,515.7972746617426,0.235,0.4032326745778838,0.8225937930721531,0.06811814315715209,0.46201810384201825,medium
ITA.15.5.96_1,Sinagra,sicily,38.08347162594671,14.849748641224174,23.085343632619388,1.9076862123613312,0.5,1,25.02262610569722,2500,108.29381792123388,0.235,0.4840442460117147,0.8780633188668968,0.014054866839305744,0.5082520920337876,medium
ITA.15.5.97_1,Spadafora,sicily,38.20590612137252,15.393350858955747,10.430544243431976,0.0,0.0,0,44.7328509230632,2500,239.68068603651517,0.235,0.0,0.7816549755165038,0.031485895798591575,0.24079367181466943,low
ITA.15.5.98_1,Taormina,sicily,37.84569198944843,15.265615834382858,13.014491129255347,2.786576438200715,1.0,2,10.892686938949012,10493,806.2551117663545,0.235,0.7864105545646912,0.9471768900884592,0.1066530366563994,0.6986889516401632,high
ITA.15.5.99_1,TermeVigliatore,sicily,38.131899988129966,15.152880280857746,13.002066008743796,0.0,0.0,0,26.607285057904246,2500,192.27713490446578,0.235,0.0,0.8703122989889782,0.02519689078303146,0.2661330678532997,low
ITA.15.5.100_1,Torregrotta,sicily,38.20115198011308,15.352854254499897,4.067590216152181,0.0,0.0,0,42.0389405879263,2500,614.6145179700343,0.235,0.0,0.7948316609653793,0.08122817656073611,0.254695133601761,low
ITA.15.5.101_1,Torrenova,sicily,38.095450062122566,14.689666953643204,13.134480959389492,0.0,0.0,0,33.23154359889646,2500,190.3386976409461,0.235,0.0,0.8379111570548144,0.02493971929732009,0.2563612909759083,low
ITA.15.5.102_1,Tortorici,sicily,37.99631814358003,14.840020987041262,69.81354001000261,3.3016477531848496,1.0,2,17.14211773366737,2500,35.80967244522781,0.235,0.8773684270451564,0.9166091377982424,0.0044384321300716826,0.7145546412880652,high
ITA.15.5.103_1,Tripi,sicily,38.03810488804118,15.082417854185838,54.93180245831427,2.900649783416889,1.0,2,14.920887423196818,2500,45.51097703187799,0.235,0.8065550830712195,0.9274738101404608,0.005725499274745357,0.6826647844326971,high
ITA.15.5.104_1,Tusa,sicily,37.98506940976806,14.241654385773732,40.33248407831654,3.2755899005931166,1.0,2,11.916986831005731,2535,62.85256308730215,0.235,0.8727667985634254,0.9421667465410264,0.008026198675440549,0.7206386629791087,high
ITA.15.5.105_1,Ucria,sicily,38.02918866569875,14.884876455332003,26.960012168698384,0.0,0.0,0,18.26368129687305,2500,92.72992847171622,0.235,0.0,0.9111232498343691,0.011990013543041566,0.275734977658919,low
ITA.15.5.106_1,Unknown1,sicily,38.55407931486666,14.905913805023266,54.723137322290256,2.0686649659863945,0.5,1,73.20296226565091,2500,45.68451522207738,0.235,0.5124719307193046,0.6423995233350649,0.005748522498164104,0.4501055268598046,low
ITA.15.5.107_1,Valdina,sicily,38.20399149985546,15.364201102037866,2.695068684027194,0.0,0.0,0,42.909744727705075,2500,927.6201437153334,0.235,0.0,0.7905723090159906,0.12275447370938636,0.2617225874466744,low
ITA.15.5.108_1,Venetico,sicily,38.20457499814047,15.375194965247642,3.9275025496446956,1.9037130270610447,0.5,1,43.57689631348318,2500,636.5368242029949,0.235,0.48334261019669006,0.7873090799181781,0.0841365977772749,0.4946913486292534,medium
ITA.15.5.109_1,VillafrancaTirrena,sicily,38.22207271502546,15.458161413834718,14.332330011785334,2.0161480897991337,0.5,1,49.943967622222054,2500,174.43081466476661,0.235,0.5031978298553099,0.756165914248728,0.02282922855485552,0.4830145349132445,medium
ITA.15.6.1_1,Alia,sicily,37.763933076153386,13.733173348898264,45.525626842605256,1.525974025974026,0.5,1,20.166904275284505,3233,71.01494749709607,0.235,0.4166366320297062,0.9018140422492082,0.009109098063065065,0.48068434830222856,medium
ITA.15.6.2_1,Alimena,sicily,37.67687703354458,14.122431051625272,59.83806476267524,2.494885942338727,1.0,2,12.503029932037025,1791,29.930780801540216,0.235,0.7349001206606103,0.9393002422253286,0.0036584825661646688,0.6499718295111366,high
ITA.15.6.3_1,Aliminusa,sicily,37.86192018540304,13.781419743914215,13.181420892093199,3.8275265500617186,1.0,2,15.271804473860753,1021,77.45750692267487,0.235,0.970234822736363,0.9257573745431302,0.00996382914487036,0.7648373895600947,high
ITA.15.6.4_1,AltavillaMilicia,sicily,38.01899493267837,13.568178984869816,24.027515182250582,3.052820071235665,1.0,2,11.318930335562316,2500,104.04737989081703,0.235,0.8334272563646637,0.9450920118025795,0.013491494065878625,0.7029395305362814,high
ITA.15.6.5_1,Altofonte,sicily,38.034477295699986,13.320169481254313,34.94563302303593,2.693176138079272,1.0,2,23.786221032400864,2500,71.53969705891481,0.235,0.769916736444874,0.8841109294817439,0.009178716320503162,0.6520273903310608,high
ITA.15.6.6_1,Bagheria,sicily,38.07666289892374,13.497685619468067,29.940355946499647,0.0,0.0,0,19.868750480620395,2500,83.49934130600332,0.235,0.0,0.9032723976801353,0.010765396239160188,0.2731347985518726,low
ITA.15.6.7_1,Balestrate,sicily,38.05060777403744,13.008001672126879,3.2466021995089664,0.0,0.0,0,35.46077833788936,2500,770.0358240310788,0.235,0.0,0.8270073327647893,0.10184784217650399,0.2684717682647376,low
ITA.15.6.8_1,Baucina,sicily,37.936216095436706,13.536266427500045,24.934372630411197,0.0,0.0,0,13.842706263418437,1845,73.99424189842044,0.235,0.0,0.9327475023691896,0.009504359535788175,0.2817251226179145,low
ITA.15.6.9_1,BelmonteMezzagno,sicily,38.04234326201397,13.386328970263452,29.87228361539844,2.61643436012309,1.0,2,25.932027964889468,2500,83.68961784733827,0.235,0.7563646929701222,0.8736151744394803,0.010790640131109665,0.6424250268431271,high
ITA.15.6.10_1,Bisacquino,sicily,37.73138162573065,13.216657331151405,65.28056353440039,1.4988073941562314,0.5,1,11.94382268442589,4038,61.856083669867935,0.235,0.41183920114834793,0.9420354847114631,0.0078939962580164,0.49010904523921617,medium
ITA.15.6.11_1,Blufi,sicily,37.73519793782403,14.120937168523772,22.23872908591773,0.0,0.0,0,6.053385726682189,857,38.53637483909454,0.235,0.0,0.9708472955339178,0.004800182349653307,0.292214225130106,low
ITA.15.6.12_1,Bolognetta,sicily,37.97537115916297,13.481292949610586,27.287943804573832,1.6336089934100013,0.5,1,17.90972602159871,4131,151.38553602956293,0.235,0.43564418954197426,0.9128545462566842,0.019771823160942142,0.49563282328018077,medium
ITA.15.6.13_1,Bompietro,sicily,37.70406076020633,14.120917011169935,42.28810164902503,1.2626900792944573,0.5,1,9.482413300873967,1154,27.28899986047508,0.235,0.37014258945431755,0.9540749415504474,0.0033079988325285833,0.4719553769587987,medium
ITA.15.6.14_1,Borgetto,sicily,38.043808380342426,13.157397727761666,25.63027189890437,2.8256495868474847,1.0,2,27.270227842195887,2500,97.5409082611749,0.235,0.7933105902852451,0.8670696563422366,0.012628283784470964,0.6593018488021877,high
ITA.15.6.15_1,Caccamo,sicily,37.89123750355401,13.665637142148743,187.68614629014886,2.778672014649884,1.0,2,9.652047551078212,7621,40.6050214714223,0.235,0.78501469048053,0.9532452119461828,0.005074628646089841,0.6794958345533378,high
ITA.15.6.16_1,Caltavuturo,sicily,37.79348734186299,13.913915881844176,96.88024320148904,1.167388613861386,0.5,1,17.155009676086372,3425,35.35292529021395,0.235,0.3533130392776983,0.9165460796229703,0.0043778357173530815,0.4524959106692108,low
ITA.15.6.17_1,CampofeliceDiFitalia,sicily,37.81255667843743,13.5019395650534,35.084654234440805,0.0,0.0,0,18.663108855166897,2500,71.25622453892899,0.235,0.0,0.9091695354784742,0.00914110816547279,0.2745790822766368,low
ITA.15.6.18_1,CampofeliceDiRoccella,sicily,37.98899404608011,13.875214454739568,13.523853483514598,0.0,0.0,0,0.8697509206747214,2500,184.85855403916256,0.235,0.0,0.9962019350071474,0.024212671433298256,0.30370311478880385,low
ITA.15.6.19_1,Campofiorito,sicily,37.76618240400981,13.26805678718535,22.371718242946017,2.4206381242753467,1.0,2,6.484343582969732,1135,50.73369813057943,0.235,0.7217884924823459,0.9687393574782386,0.006418395026228374,0.6527997324898902,high
ITA.15.6.20_1,Camporeale,sicily,37.89575725649262,13.085139047763008,38.81485661552608,1.5114784205693297,0.5,1,19.755337064226207,2923,75.3062166106467,0.235,0.4140768128559902,0.9038271351166479,0.009678418553486966,0.48012223067368687,medium
ITA.15.6.21_1,Capaci,sicily,38.16850876454138,13.239503711381717,5.968490252557545,1.5770248808893594,0.5,1,38.791500092577856,2500,418.8663957235635,0.235,0.42565184413009405,0.8107158206432373,0.05525837275499944,0.46709234280901807,medium
ITA.15.6.22_1,Carini,sicily,38.1305124471581,13.164952155866173,74.68281250841557,2.434978824036697,1.0,2,36.017991729897574,2500,33.474904278923475,0.235,0.7243209564387472,0.8242818427963119,0.004128679625092563,0.6102707669832856,medium
ITA.15.6.23_1,Castelbuono,sicily,37.93284113870259,14.096264399242243,60.35646947870448,0.5014684287812041,0.5,1,16.05365610375122,8010,132.71153977662925,0.235,0.23571634632546762,0.921933114744879,0.017294353577110705,0.39789697830161963,low
ITA.15.6.24_1,Casteldaccia,sicily,38.00964625008142,13.539835471250072,32.7289384967329,1.5344827586206897,0.5,1,13.292917863110043,2500,76.38500100605333,0.235,0.41813921273364124,0.9354366745809796,0.009821540330472011,0.4916649168072088,medium
ITA.15.6.25_1,CastellanaSicula,sicily,37.73171006807116,13.989253745175484,71.16751271596675,1.3562887270355473,0.5,1,12.297968548757533,2500,35.12838800447657,0.235,0.38667143433056594,0.9403032560635928,0.00434804646987141,0.47629630327833505,medium
ITA.15.6.26_1,CastronuovoDiSicilia,sicily,37.69854903920663,13.599081907387303,200.09115244533908,2.865493866066585,1.0,2,18.325074341925944,2500,12.494305567473555,0.235,0.8003468020929217,0.9108229589030565,0.0013451942664069847,0.6736893275706592,high
ITA.15.6.27_1,CefalàDiana,sicily,37.91418534273412,13.465726933393132,9.373542709239103,0.0,0.0,0,18.540648639732396,2500,266.7081249372082,0.235,0.0,0.9097685233949373,0.035071612369291336,0.2799448794923394,low
ITA.15.6.28_1,Cefalù,sicily,38.000813276790105,14.025117471062801,64.37042841662672,1.8102279635258358,0.5,1,12.450244990680652,2500,38.83770951187667,0.235,0.466833823470476,0.9395584284610092,0.004840160267409087,0.5162524723270226,medium
ITA.15.6.29_1,Cerda,sicily,37.89513786444199,13.824062127522165,44.214893689278874,1.6023368251410153,0.5,1,11.388640484315117,4879,110.34743257073687,0.235,0.4301217505886699,0.944751039539795,0.014327318850227347,0.501351650926319,medium
ITA.15.6.30_1,ChiusaSclafani,sicily,37.672522574511255,13.295125044560573,57.92708350422611,1.7156398104265402,0.5,1,16.61746586749591,2500,43.15770532133921,0.235,0.4501302390978276,0.9191753600367993,0.005413291913964994,0.5019003859427466,medium
ITA.15.6.31_1,Ciminna,sicily,37.877358092978675,13.557361382893669,56.2377762041895,1.2725528397685677,0.5,1,15.758031244110734,3356,59.67519035274355,0.235,0.3718842816887941,0.9233791004317609,0.007604658251005281,0.4644768026241264,medium
ITA.15.6.32_1,Cinisi,sicily,38.156429831725184,13.117930199557497,33.038088703321854,1.3090804817434525,0.5,1,40.13102681704897,2500,75.67023693318659,0.235,0.3783347993241355,0.8041638125572588,0.009726712944509316,0.4323618860181473,low
ITA.15.6.33_1,Collesano,sicily,37.933960214979365,13.906439600974824,108.06961872330528,3.143571525075261,1.0,2,6.08927537257005,3607,33.37663297614789,0.235,0.8494533073708492,0.9706717490175517,0.004115642021341745,0.7167513067949585,high
ITA.15.6.34_1,ContessaEntellina,sicily,37.738085154213955,13.131217423074524,134.98694609928194,2.397232390374966,1.0,2,16.76680026174387,2500,18.520309350218707,0.235,0.7176552089981196,0.9184449228303198,0.002144661122970101,0.6347900135727498,high
ITA.15.6.35_1,Corleone,sicily,37.800965274664776,13.317447203041072,228.12557767285347,1.1358368103847938,0.5,1,3.364497968019083,10274,45.036598284185246,0.235,0.34774121876728803,0.9839994141256582,0.005662563687594846,0.4702029463588604,medium
ITA.15.6.36_1,Ficarazzi,sicily,38.09168181003584,13.465860629094056,3.156406702685065,0.0,0.0,0,23.11248850548282,4751,1505.1925963655,0.235,0.0,0.8874063478437005,0.19938071720426312,0.30609804779396277,low
ITA.15.6.37_1,Gangi,sicily,37.75377162703226,14.225917615768822,127.6391668564036,1.4539122703023117,0.5,1,10.986231838274328,6008,47.070191289787324,0.235,0.40391104667400046,0.9467193352479437,0.005932359437204682,0.48715779579882423,medium
ITA.15.6.38_1,GeraciSiculo,sicily,37.85339794450206,14.173363979118815,112.93134702082195,2.6438958183627532,1.0,2,9.136177903948564,2500,22.137343314775634,0.235,0.7612141880672583,0.9557684778411868,0.002624531179143388,0.6678625436218139,high
ITA.15.6.39_1,Giardinello,sicily,38.0722647992369,13.185187391835301,12.408656380931676,3.327135427523384,1.0,2,29.31091044540099,2500,201.47225640333937,0.235,0.8818693661673038,0.8570880944421597,0.026416802874933858,0.7033444719912866,high
ITA.15.6.40_1,Giuliana,sicily,37.67325053447917,13.22435215171422,23.933130707641038,0.0,0.0,0,17.503031289521676,1668,69.69418336346043,0.235,0.0,0.914843806436727,0.00893387295729887,0.27623991652247787,low
ITA.15.6.41_1,Godrano,sicily,37.857397488542226,13.415024178264206,39.66463757719768,0.0,0.0,0,11.682750184542034,1020,25.715601157701624,0.235,0.0,0.9433124649306828,0.003099256826984446,0.2836135908446017,low
ITA.15.6.42_1,Gratteri,sicily,37.97593901912357,13.979013884874922,38.70055698777908,1.611242172173279,0.5,1,8.373291253352114,850,21.963508180732756,0.235,0.43169437052728926,0.9594999745049556,0.002601468560335974,0.5042174713271985,medium
ITA.15.6.43_1,Isnello,sicily,37.916179622560165,14.00753218267624,50.948803642852916,2.9306088744376826,1.0,2,13.295737888511047,1286,25.241024480471776,0.235,0.8118456420703823,0.9354228810306962,0.00303629498062293,0.6871569443405245,high
ITA.15.6.44_1,IsolaDelleFemmine,sicily,38.1919080441648,13.249365947947297,3.428426008594811,1.2512995049504951,0.5,1,41.29441952286014,2500,729.1975949700196,0.235,0.3681310963299348,0.7984733263008886,0.09642985510046927,0.44289351707532787,low
ITA.15.6.45_1,Lascari,sicily,38.00103043245782,13.934789380482597,9.526912488187174,1.6175836583863683,0.5,1,4.733706376510792,2500,262.41450240042167,0.235,0.4328142311709063,0.9773022244392264,0.03450197965140586,0.5164981788475022,medium
ITA.15.6.46_1,LercaraFriddi,sicily,37.74533641785907,13.613440100387495,37.859786829496485,1.2581804660386713,0.5,1,21.56748166909783,2500,66.03312404422348,0.235,0.36934622433841385,0.8949634178893792,0.008448162079714902,0.45485176995196364,low
ITA.15.6.47_1,Marineo,sicily,37.9479097623468,13.418985609682663,33.21302807244931,1.7330869812393406,0.5,1,18.02300833981477,6058,182.39830426739076,0.235,0.45321128339551764,0.9123004500588325,0.02388627134755146,0.5050730309849188,medium
ITA.15.6.48_1,Mezzojuso,sicily,37.86446818329366,13.476075473786858,49.326231069451715,1.3358556461001163,0.5,1,17.027326735062832,2576,52.22373459616187,0.235,0.3830630998804807,0.9171706133830997,0.006616077406168889,0.468005949436404,medium
ITA.15.6.49_1,Misilmeri,sicily,38.01862316388835,13.43887914554268,69.3137127390685,2.4142398105731573,1.0,2,22.1196956190849,2500,36.06789913867767,0.235,0.7206585965147716,0.8922623816208165,0.004472690934137517,0.6289025509304582,medium
ITA.15.6.50_1,Monreale,sicily,37.92613198954762,13.178729657629868,526.3001439529039,3.0368831331293036,1.0,2,15.144618837920166,2500,4.7501412050225715,0.235,0.8306129082504572,0.9263794758419543,0.00031777991972424963,0.6932838528617598,high
ITA.15.6.51_1,Montelepre,sicily,38.08552994954453,13.189004846064194,10.976902054413568,1.8983822584101135,0.5,1,30.616760756558822,2500,227.7509617565373,0.235,0.48240123497141824,0.8507008073194171,0.029903185346751498,0.5023914967508845,medium
ITA.15.6.52_1,MontemaggioreBelsito,sicily,37.83115804540238,13.761015524881072,32.49977534679652,1.5152658949840632,0.5,1,17.472934078984107,2500,76.92360865031097,0.235,0.41474565347051556,0.9149910204961444,0.00989299713265798,0.4838487323106327,medium
ITA.15.6.53_1,PalazzoAdriano,sicily,37.654896952555085,13.379041346478349,129.4075901424444,3.1574038134962983,1.0,2,16.75481154549507,2500,19.318805004004357,0.235,0.8518959895581741,0.9185035630682244,0.002250597135180919,0.7019491831265906,high
ITA.15.6.54_1,Palermo,sicily,38.13108883151005,13.331274465230457,158.74424416528907,2.588785984818642,1.0,2,34.570984686344985,1196913,7539.882824058425,0.235,0.7514821896699502,0.8313595678439909,1.0,0.8251489651881723,high
ITA.15.6.55_1,Partinico,sicily,38.02675860068802,13.064345115771639,111.18795715493812,2.8337260301917584,1.0,2,30.165078200106745,2500,22.484449431122307,0.235,0.7947368318219666,0.852910115807337,0.0026705815710339636,0.6537755669673911,high
ITA.15.6.56_1,PetraliaSoprana,sicily,37.7848606351013,14.127728252736922,54.893173088733136,1.5746578107225422,0.5,1,1.6990524423832085,2500,45.54300397171114,0.235,0.4252338366423497,0.9921455842254234,0.005729748272561631,0.5114065432433141,medium
ITA.15.6.57_1,PetraliaSottana,sicily,37.723119181066174,14.019696971308385,179.1641023674517,2.609738129369536,1.0,2,10.727785535047548,2500,13.953688082407789,0.235,0.7551821870039334,0.9479834699886684,0.0015388098023079832,0.6622938964590287,high
ITA.15.6.58_1,PianaDegliAlbanesi,sicily,37.96286940192498,13.311610966142217,65.49928160316956,2.7458816253820997,1.0,2,15.790590920847306,2500,38.16835755766553,0.235,0.7792241446690324,0.9232198417463179,0.004751357684128301,0.6675282963952373,high
ITA.15.6.59_1,PolizziGenerosa,sicily,37.772761594344075,13.971758399202097,136.49591935858044,2.5814215840232904,1.0,2,12.19754880463698,2500,18.315565855360088,0.235,0.7501816897023694,0.9407944377350368,0.0021174979076556562,0.6577526757532268,high
ITA.15.6.60_1,Pollina,sicily,37.993245493254186,14.126509154956867,49.980680772524224,0.0,0.0,0,21.24081520277671,2818,56.381785050617665,0.235,0.0,0.8965612369471506,0.007167723844854041,0.27040191585311596,low
ITA.15.6.61_1,Prizzi,sicily,37.737025551003995,13.452919113580435,94.06683570715838,3.048899611543952,1.0,2,17.163626262930546,4078,43.352154554186505,0.235,0.8327349315111343,0.9165039334338385,0.005439089394774858,0.6924064636646737,high
ITA.15.6.62_1,Roccamena,sicily,37.83144020278798,13.16721712279314,33.41508687642892,1.4684151156232375,0.5,1,10.818808640255632,1315,39.35348140386264,0.235,0.4064721443646092,0.9475382499639842,0.004908587461957211,0.4884792646638913,medium
ITA.15.6.63_1,Roccapalumba,sicily,37.803524481900425,13.647959759621259,31.52534625636969,1.4688071770052529,0.5,1,19.526557942944162,2119,67.2157565778316,0.235,0.406541379571759,0.9049461591907177,0.008605061336369907,0.4764755498103688,medium
ITA.15.6.64_1,SanCipirello,sicily,37.941118634317,13.182977763071987,21.15512569243068,2.3912855037265386,1.0,2,16.236149328148066,2500,118.17467011763026,0.235,0.7166050317863678,0.9210404882223612,0.015365754474032583,0.6376878132546988,high
ITA.15.6.65_1,SanGiuseppeJato,sicily,37.97292056387192,13.179295531368009,30.429574237546834,2.411411087536555,1.0,2,19.39047152230103,2500,82.15691683636072,0.235,0.7201590644659838,0.9056117967716311,0.010587297467634083,0.633880530758008,medium
ITA.15.6.66_1,SanMauroCastelverde,sicily,37.9242001705657,14.20996725012602,113.98973019028725,3.186892815822993,1.0,2,12.736832889064864,2500,21.931800310665338,0.235,0.8571035342906744,0.9381566451346643,0.0025972618933432154,0.7105182130644052,high
ITA.15.6.67_1,SantaCristinaGela,sicily,37.97716639289184,13.35638903185133,38.813190760315,2.5329488967340827,1.0,2,18.225733965976225,2500,64.41109197742522,0.235,0.741621763375715,0.9113088610762616,0.008232967910504301,0.6458501335928368,high
ITA.15.6.68_1,SantaFlavia,sicily,38.06344990615635,13.518924628939054,13.853704839952353,0.0,0.0,0,17.5066833943449,2500,180.4571433332629,0.235,0.0,0.9148259429481564,0.02362873851384598,0.2791735305872161,low
ITA.15.6.69_1,Sciara,sicily,37.919366815649845,13.759026020878816,30.785120538301243,2.4487279809594975,1.0,2,9.051679281924432,2471,80.26604920795131,0.235,0.7267489582041657,0.956181784753727,0.010336437021215183,0.6522963019324439,high
ITA.15.6.70_1,Scillato,sicily,37.865507946100585,13.920739851648342,31.655295675187435,3.4630176180058,1.0,2,13.759654773135976,586,18.51191048767641,0.235,0.9058651791638918,0.9331537309467479,0.0021435468501489288,0.7333074182360001,high
ITA.15.6.71_1,SclafaniBagni,sicily,37.783271654060506,13.819816298101822,135.40900246307484,3.4447221786744637,1.0,2,23.172673716003533,2500,18.46258339198484,0.235,0.9026343367751537,0.8871119647763199,0.002137002649455121,0.7178781583503637,high
ITA.15.6.72_1,TerminiImerese,sicily,37.960885131680435,13.741209245355455,77.49902568702176,2.6836882638455517,1.0,2,5.177065016039518,2500,32.258470062529554,0.235,0.7682412464116386,0.9751336306082018,0.0039672959163765285,0.6774541715715552,high
ITA.15.6.73_1,Terrasini,sicily,38.118654056177476,13.08368884677975,21.467346944948872,1.7315587792527714,0.5,1,37.619424485763,2500,116.45593684263969,0.235,0.4529414139670036,0.8164487774502479,0.015137731004720855,0.47443288641952036,medium
ITA.15.6.74_1,Torretta,sicily,38.143602049904054,13.240798645297428,25.47915487533276,1.4001911272834198,0.5,1,36.027696053037396,60,2.3548661756472953,0.235,0.39442428098919874,0.8242343761780508,0.0,0.4444824533480146,low
ITA.15.6.75_1,Trabia,sicily,37.98917912134696,13.612101771699741,19.76778655957767,0.0,0.0,0,6.593138463662152,10630,537.7435641548684,0.235,0.0,0.9682072106199583,0.07102974622061725,0.30466811243011094,low
ITA.15.6.76_1,Trappeto,sicily,38.073963925109965,13.059344844498074,3.7593041130356397,0.0,0.0,0,34.55267025543795,2500,665.0166958642909,0.235,0.0,0.8314491489603665,0.08791500786350373,0.2670177462608107,low
ITA.15.6.77_1,Ustica,sicily,38.70513749055092,13.175532650353773,8.528556004789465,0.0,0.0,0,92.42054077812232,2500,293.1328584341887,0.235,0.0,0.5484008538748819,0.03857736832066335,0.17223572982659724,low
ITA.15.6.78_1,Valledolmo,sicily,37.76291634009304,13.826611329968058,25.7531459679446,1.5823336968375137,0.5,1,21.19528688426768,3168,123.01409714926736,0.235,0.4265893426666789,0.8967839289663262,0.016007798796611312,0.48553140978255954,medium
ITA.15.6.79_1,VentimigliaDiSicilia,sicily,37.96173300504882,13.543584882890695,26.9339862645139,1.7026406429391503,0.5,1,12.559628583066099,2500,92.81953200123975,0.235,0.44783468004751115,0.939023402045567,0.012001901197724133,0.5080247408769705,medium
ITA.15.6.80_1,Vicari,sicily,37.794705648215164,13.56951487279241,85.85664489729525,2.827122910467069,1.0,2,22.64699185835432,2393,27.87204185375041,0.235,0.7935707685906837,0.8896832249975969,0.003385350717195967,0.6643674219380601,high
ITA.15.6.81_1,Villabate,sicily,38.07955541310886,13.443874884094077,4.032572609086158,1.1677761597670064,0.5,1,24.070687152569537,2500,619.9516393993803,0.235,0.35338147708434425,0.8827195243791185,0.08193624974589285,0.45789384580508624,low
ITA.15.6.82_1,Villafrati,sicily,37.92855686614534,13.493600265393296,25.167548994735043,1.525547274176159,0.5,1,17.662989238897154,3105,123.37315805561974,0.235,0.4165612707457792,0.9140614063855906,0.016055435224410813,0.48571014433344895,medium
ITA.15.7.1_1,Acate,sicily,37.012483264241986,14.442028483761383,103.37917783293423,1.2118447421158105,0.5,1,14.254506625765568,10471,101.28732129134983,0.235,0.36116367030122115,0.9307332690921546,0.013125318495467546,0.46242687957735046,medium
ITA.15.7.2_1,ChiaramonteGulfi,sicily,37.04559357628364,14.655241366859343,128.07693061855372,2.9508058537656847,1.0,2,6.66268757379969,2500,19.519518370139956,0.235,0.8154122826825927,0.9678670260430707,0.0022772256753677174,0.6985216942892911,high
ITA.15.7.3_1,Comiso,sicily,36.96474215579274,14.594979461710947,65.09325837134409,1.5096942580164057,0.5,1,3.984372428416613,30091,462.2752148669042,0.235,0.4137617426409496,0.980967430961291,0.061017398709648604,0.5133745803507918,medium
ITA.15.7.4_1,Giarratana,sicily,37.06417744351926,14.804509827717096,43.35224266499846,0.9801601113818308,0.5,1,2.7560326946342513,2910,67.1245550659704,0.235,0.3202498385949571,0.9869755916952611,0.008592961678183453,0.4579361891416936,low
ITA.15.7.5_1,Ispica,sicily,36.759869891585765,14.933787373241692,114.70811097556631,0.0,0.0,0,10.57457940080062,16399,142.9628633976294,0.235,0.0,0.9487328449821414,0.01865439146728918,0.2883507317881003,low
ITA.15.7.6_1,Modica,sicily,36.85487759619458,14.823771503073207,290.1649833954373,0.0,0.0,0,4.299539554935892,53383,183.9746456492635,0.235,0.0,0.9794258584613439,0.024095403756834825,0.2986468382897701,low
ITA.15.7.7_1,MonterossoAlmo,sicily,37.07839574248251,14.741753746260292,56.05658452854212,2.884760261923761,1.0,2,6.280950315439143,2500,44.59779383681652,0.235,0.803749108388292,0.9697342120855778,0.0056043477247724694,0.6939156873647738,high
ITA.15.7.8_1,Pozzallo,sicily,36.73907682792228,14.85852019839183,16.615172004106785,0.0,0.0,0,3.6074330746956296,18884,1136.551580406897,0.235,0.0,0.982811149080822,0.1504733011364956,0.32493800495154573,low
ITA.15.7.9_1,Ragusa,sicily,36.90738079815391,14.66419175541611,445.1158205174923,2.7672038890767703,1.0,2,4.928023466249836,73735,165.6535144364799,0.235,0.7829895023694402,0.9763517640117073,0.021664748598385523,0.6887332301079094,high
ITA.15.7.10_1,SantaCroceCamerina,sicily,36.82147079207941,14.521412862567194,42.00432751814092,2.2359515273819506,1.0,2,0.09325469349638757,2500,59.5176770517346,0.235,0.6891741739590981,1.0,0.007583761041483926,0.6461038391878459,high
ITA.15.7.11_1,Scicli,sicily,36.77707404680916,14.698958275091623,141.21598251055624,0.0,0.0,0,9.870411981978455,26778,189.6244286513269,0.235,0.0,0.9521771290995987,0.02484495759380001,0.29062213024863964,low
ITA.15.7.12_1,Vittoria,sicily,36.95770042978501,14.49625368607682,182.59545111265246,2.7643892223877096,1.0,2,10.93928660051815,64703,354.35165337213914,0.235,0.7824924525700615,0.9469489578241548,0.046699234704446056,0.6846707605731663,high
ITA.15.8.1_1,Augusta,sicily,37.26219487970313,15.15054808092621,110.30558403689581,2.3124439277332454,1.0,2,5.561290199449188,34606,313.7284508500017,0.235,0.7026821791507522,0.9732542754131565,0.041309775089950894,0.6515793272173133,high
ITA.15.8.2_1,Avola,sicily,36.92812156592302,15.119421819328538,76.2029611972537,3.132910233049976,1.0,2,6.2795357365883415,30485,400.0500705095783,0.235,0.8475706002343768,0.9697411311950657,0.052762020460304856,0.7252600435677691,high
ITA.15.8.3_1,Buccheri,sicily,37.15693617940323,14.871353439473049,56.242198552136955,2.743621158887957,1.0,2,9.53992961757672,1718,30.54645878409964,0.235,0.7788249626195973,0.9537936128055796,0.003740164250929174,0.6762985980016585,high
ITA.15.8.4_1,Buscemi,sicily,37.08959203741978,14.870306304678346,52.706420683232565,2.1047748265060116,1.0,2,4.302101754758371,942,17.87258530913061,0.235,0.6660093164266041,0.9794133260096591,0.002058727903921712,0.6272404015969841,medium
ITA.15.8.5_1,CanicattiniBagni,sicily,37.036488560190556,15.082792213161397,16.078731520928205,1.6079561428169806,0.5,1,1.2117899272291957,2500,155.4849023224239,0.235,0.4311140814867969,0.9945289244611653,0.020315684001759832,0.5179788548821,medium
ITA.15.8.6_1,Carlentini,sicily,37.2530718782996,14.997902614816866,157.72040260704063,2.13198608633269,1.0,2,1.7544403047461576,17026,107.95052332208516,0.235,0.6708146282918631,0.9918746663591074,0.014009322119462988,0.6357715784775564,high
ITA.15.8.7_1,Cassaro,sicily,37.1024917227216,14.956629945730903,19.923677394515394,1.6581033364560063,0.5,1,5.575582036856222,717,35.98733234846376,0.235,0.43996971353536524,0.9731843699513664,0.004462002179062367,0.512832568188905,medium
ITA.15.8.8_1,Ferla,sicily,37.134881736262635,14.93298185705518,24.358536795889034,2.261517715390153,1.0,2,7.669569307508615,2253,92.49324041418762,0.235,0.6936889780279936,0.9629420796867448,0.01195861225884718,0.6381188353717896,high
ITA.15.8.9_1,Floridia,sicily,37.08202914082496,15.115548517747785,26.580038221431092,0.0,0.0,0,7.0433623190907575,21220,798.343472015425,0.235,0.0,0.9660050370556843,0.10560340343511822,0.31092219180372893,low
ITA.15.8.10_1,Francofonte,sicily,37.2276931682986,14.867286539816444,73.68779206681772,1.5555573821696889,0.5,1,10.870578834137335,11659,158.22159509716337,0.235,0.4218608389736945,0.9472850271482471,0.02067875964008996,0.4992516795593394,medium
ITA.15.8.11_1,Lentini,sicily,37.332523324426944,14.917580349587107,215.7312954877306,2.1151534742785283,1.0,2,7.244090717884753,21373,99.07232027545841,0.235,0.6678421106303375,0.9650232170830346,0.012831455437410828,0.6259943115275612,medium
ITA.15.8.12_1,Melilli,sicily,37.21186442874246,15.100195894223178,135.20251542829956,2.3191130143586456,1.0,2,10.244720818381946,13174,97.43901552620461,0.235,0.7038598916600441,0.9503462775921477,0.012614765727153015,0.639556782253097,high
ITA.15.8.13_1,Noto,sicily,36.91359590269596,15.02027444686161,549.6967235188645,2.3552071665773227,1.0,2,6.253894615360779,24583,44.72102333561819,0.235,0.710233858136702,0.969866549247985,0.0056206965196943905,0.6472010331466854,high
ITA.15.8.14_1,Pachino,sicily,36.705701090738486,15.07619410608193,52.409879129948315,0.0,0.0,0,19.613593675853835,21837,416.65808741622897,0.235,0.0,0.9045204425436546,0.05496539761518253,0.2823492122861329,low
ITA.15.8.15_1,PalazzoloAcreide,sicily,37.068056576164174,14.961475159618148,86.03641324274302,1.7135627530364372,0.5,1,4.501681834679375,2500,29.057464226762956,0.235,0.44976344577090854,0.978437122792841,0.0035426201004256277,0.5191213837433918,medium
ITA.15.8.16_1,PortopaloDiCapoPassero,sicily,36.673166239022805,15.102353504154486,15.416931680713057,0.0,0.0,0,23.32694527617756,2500,162.15937462624672,0.235,0.0,0.8863573784801071,0.021201182847152854,0.2701474501134627,low
ITA.15.8.17_1,PrioloGargallo,sicily,37.13999215943199,15.172062151113254,57.296752771613846,3.235285696422973,1.0,2,1.5128404953763692,2500,43.63249013369146,0.235,0.8656493673326696,0.9930564000831484,0.005476281373507326,0.7318368599659807,high
ITA.15.8.18_1,Rosolini,sicily,36.86525396431176,14.9109820889796,77.263158034094,1.1324421168687981,0.5,1,11.980525382748251,20587,266.45299679461135,0.235,0.34714174042136675,0.9418559613232453,0.03503776464839101,0.4631352115373351,medium
ITA.15.8.19_1,Siracusa,sicily,37.03991943513308,15.214843823141504,207.11991426766747,2.5611768752908803,1.0,2,5.45731269727732,115923,559.6902664327541,0.235,0.7466066204222185,0.9737628590961427,0.07394140404802654,0.6802204487495572,high
ITA.15.8.20_1,Solarino,sicily,37.10398940967701,15.11046608949317,12.902446960082656,0.0,0.0,0,8.271120401808867,7534,583.9202457726465,0.235,0.0,0.9599997213433227,0.07715598308180013,0.30343111301935677,low
ITA.15.8.21_1,Sortino,sicily,37.141123876497126,15.038050290806721,92.82784310428315,3.0991986450535194,1.0,2,13.017251688166857,8131,87.59225387651854,0.235,0.8416173773836924,0.9367850366362209,0.01130840086791713,0.7041058798562959,high
ITA.15.9.1_1,Alcamo,sicily,37.9639212529041,12.975416604654177,131.22308188344863,2.798406281742503,1.0,2,31.787426535566862,44643,340.2069160336562,0.235,0.788499619455387,0.8449747463831805,0.04482265959686184,0.6567067655620201,high
ITA.15.9.2_1,BusetoPalizzolo,sicily,37.990941947275736,12.737229616722392,72.63838365819994,2.5758109676995504,1.0,2,23.467260978214192,2500,34.41706538740943,0.235,0.7491908954001721,0.8856710542750438,0.004253675660099059,0.641147499114619,high
ITA.15.9.3_1,Calatafimi-Segesta,sicily,37.9017022931708,12.87851282928971,154.22818465939437,2.1497096468506642,1.0,2,27.73038095430258,6050,39.22759003719805,0.235,0.6739444810143806,0.8648189159454733,0.0048918855183799495,0.5973962923945083,medium
ITA.15.9.4_1,CampobelloDiMazara,sicily,37.605721862962454,12.716676937205001,67.11042791996287,2.411573924760251,1.0,2,8.746865910619869,2500,37.2520348548745,0.235,0.720187820343077,0.9576727140775076,0.00462978961726193,0.6483216823182432,high
ITA.15.9.5_1,CastellammareDelGolfo,sicily,38.01192708672008,12.82742650617589,126.5734192055441,2.3879945085367122,1.0,2,31.648843912365386,2500,19.75138236520434,0.235,0.7160238658155561,0.8456525936042956,0.002307986953648868,0.6121693083797966,medium
ITA.15.9.6_1,Castelvetrano,sicily,37.655832328413815,12.816884293572231,211.66907645479668,2.5015961886832665,1.0,2,3.0659835793091768,29247,138.17323007145018,0.235,0.736085101678895,0.9854595333251318,0.018018953250284596,0.6672842014870439,high
ITA.15.9.7_1,Custonaci,sicily,38.07278433729061,12.717120181920633,70.95198772962205,2.416636985673608,1.0,2,27.16863631949422,2500,35.235094604069346,0.235,0.7210819203162665,0.8675665695176502,0.004362203180160118,0.6216833716494603,medium
ITA.15.9.8_1,Erice,sicily,38.01264913985597,12.616176715170585,48.49069502315756,1.418960770818995,0.5,1,16.214052030917912,2500,51.55628309320133,0.235,0.3977388644139527,0.9211485724191788,0.006527526954788803,0.4765195093236877,medium
ITA.15.9.9_1,Favignana,sicily,37.952630486923645,12.239433277494488,40.364846041154784,0.0,0.0,0,22.9662718615354,4510,111.73088571678781,0.235,0.0,0.8881215352423143,0.014510860875382179,0.2693386327477707,low
ITA.15.9.10_1,Gibellina,sicily,37.810243668304715,12.95294301118146,46.28021939748929,1.5093798853569567,0.5,1,22.061921470784704,3689,79.71008020329586,0.235,0.4137062267008504,0.8925449714937232,0.010262676896176574,0.4766691401777775,medium
ITA.15.9.11_1,Marsala,sicily,37.81485798262192,12.541274333693812,242.51156270801667,3.202467799562608,1.0,2,8.78419299347139,79774,328.9492637348913,0.235,0.8598539638790836,0.9574901366460901,0.04332911259290126,0.7258398454519491,high
ITA.15.9.12_1,MazaraDelVallo,sicily,37.702229907738484,12.646337695236346,276.8573291351729,2.899151254891631,1.0,2,12.807355028875712,2500,9.029921684967926,0.235,0.8062904537615617,0.9378117011915238,0.0008855762189697526,0.6846658524820319,high
ITA.15.9.13_1,Paceco,sicily,37.95729886331259,12.58986197064378,56.58629610111987,1.0560492573314715,0.5,1,10.346378125796488,10653,188.26112917804443,0.235,0.3336513134182084,0.9498490426449003,0.024664089346159653,0.4567131873718062,low
ITA.15.9.14_1,Pantelleria,sicily,36.78760416900274,11.994304185297331,85.67361056651134,0.0,0.0,0,118.76637579036986,2500,29.180514086763797,0.235,0.0,0.4195358444065118,0.0035589450627592206,0.12657254233450538,low
ITA.15.9.15_1,Partanna,sicily,37.72254980137721,12.894193205878553,81.82914725125792,0.0,0.0,0,11.718034094759936,9825,120.06724168629248,0.235,0.0,0.9431398812406157,0.015616840981338066,0.2860653325684523,low
ITA.15.9.16_1,Petrosino,sicily,37.710129144194944,12.524823029529609,46.3619437020253,1.2189922480620154,0.5,1,11.651892572952974,7901,170.41994724770024,0.235,0.36242586820565753,0.9434633983289883,0.022297108814872096,0.4687113753644997,medium
ITA.15.9.17_1,Poggioreale,sicily,37.78889980980952,13.052596311119851,38.060395910695014,2.642854024367679,1.0,2,21.16058626993847,1286,33.788403121645736,0.235,0.7610302147754087,0.8969536595894784,0.0041702713570866586,0.6504352595359653,high
ITA.15.9.18_1,Salaparuta,sicily,37.7653275205338,12.982570356745695,41.47596627417429,0.0,0.0,0,20.824959005624493,1550,37.371040128488424,0.235,0.0,0.8985953084714955,0.0046455779863769624,0.270507708138724,low
ITA.15.9.19_1,Salemi,sicily,37.82353412153817,12.76698851711637,182.90506829030494,2.8522449315675544,1.0,2,17.813164025188144,9955,54.42714132010564,0.235,0.7980071359930887,0.9133268585814196,0.0069084022554106676,0.6743833060220523,high
ITA.15.9.20_1,SanVitoLoCapo,sicily,38.12566159649574,12.759029193574264,59.04535299554884,2.680767917858036,1.0,2,33.92830254218394,2500,42.34033455924065,0.235,0.7677255344117586,0.83450310990876,0.005304851750735649,0.6352746705286545,high
ITA.15.9.21_1,SantaNinfa,sicily,37.77743608813714,12.859595355233093,61.40404313648318,2.363503194098935,1.0,2,14.28881357953593,2500,40.71393140095405,0.235,0.7116988766524943,0.9305654639753157,0.005089077671040767,0.6360368930530499,high
ITA.15.9.22_1,Trapani,sicily,37.92164204126987,12.628921082306995,269.0265467934985,1.1179856767292176,0.5,1,12.03302244334143,412309,1532.595964652081,0.235,0.3445888375504741,0.9415991831946623,0.20301630813536173,0.49537743536070805,medium
ITA.15.9.23_1,Valderice,sicily,38.03378571879185,12.63920828202425,51.10859646644919,1.24190970834998,0.5,1,19.311162707773974,2500,48.9154500973462,0.235,0.3664729260980447,0.9059997188523016,0.006177168984561531,0.45627181250162513,low
ITA.15.9.24_1,Vita,sicily,37.86406889647517,12.838756520479471,9.342268482436301,0.0,0.0,0,22.783145953840332,1761,188.49811513239254,0.235,0.0,0.8890172563996835,0.02469553015217355,0.27164428295033977,low
